Timestamp,Temperature,Humidity,MoldPresence
2024-05-01 00:00:00,29.18,31.46,0
2024-05-01 00:01:00,10.75,72.82,0
2024-05-01 00:02:00,18.25,37.68,0
2024-05-01 00:03:00,16.7,44.04,0
2024-05-01 00:04:00,32.09,24.88,0
2024-05-01 00:05:00,30.3,95.88,0
2024-05-01 00:06:00,36.77,90.38,0
2024-05-01 00:07:00,12.61,92.93,0
2024-05-01 00:08:00,22.66,70.08,1
2024-05-01 00:09:00,10.89,54.18,0
2024-05-01 00:10:00,16.56,59.65,0
2024-05-01 00:11:00,25.16,97.78,1
2024-05-01 00:12:00,10.8,95.33,0
2024-05-01 00:13:00,15.97,73.71,0
2024-05-01 00:14:00,29.5,82.86,1
2024-05-01 00:15:00,26.35,45.5,0
2024-05-01 00:16:00,16.61,53.31,0
2024-05-01 00:17:00,27.68,31.94,0
2024-05-01 00:18:00,34.28,50.12,0
2024-05-01 00:19:00,10.19,80.35,0
2024-05-01 00:20:00,34.17,57.88,0
2024-05-01 00:21:00,30.94,87.95,0
2024-05-01 00:22:00,20.21,44.06,0
2024-05-01 00:23:00,14.66,76.61,0
2024-05-01 00:24:00,38.72,84.46,0
2024-05-01 00:25:00,20.1,93.18,1
2024-05-01 00:26:00,12.78,64.99,0
2024-05-01 00:27:00,12.9,97.42,0
2024-05-01 00:28:00,35.42,64.58,0
2024-05-01 00:29:00,28.11,30.73,0
2024-05-01 00:30:00,34.21,39.43,0
2024-05-01 00:31:00,31.89,36.27,0
2024-05-01 00:32:00,26.09,71.74,1
2024-05-01 00:33:00,39.19,93.78,0
2024-05-01 00:34:00,21.36,87.77,1
2024-05-01 00:35:00,26.56,27.4,0
2024-05-01 00:36:00,34.88,77.97,0
2024-05-01 00:37:00,28.56,35.24,0
2024-05-01 00:38:00,35.85,41.48,0
2024-05-01 00:39:00,27.32,73.89,1
2024-05-01 00:40:00,31.14,68.23,0
2024-05-01 00:41:00,11.37,89.89,0
2024-05-01 00:42:00,16.84,35.05,0
2024-05-01 00:43:00,18.68,80.94,0
2024-05-01 00:44:00,12.39,77.94,0
2024-05-01 00:45:00,16.98,64.71,0
2024-05-01 00:46:00,13.03,58.35,0
2024-05-01 00:47:00,18.34,89.56,0
2024-05-01 00:48:00,29.07,46.64,0
2024-05-01 00:49:00,20.94,96.56,1
2024-05-01 00:50:00,21.11,21.23,0
2024-05-01 00:51:00,16.29,94.97,0
2024-05-01 00:52:00,18.01,96.97,0
2024-05-01 00:53:00,38.1,29.39,0
2024-05-01 00:54:00,29.44,99.97,1
2024-05-01 00:55:00,28.27,58.31,1
2024-05-01 00:56:00,15.13,39.41,0
2024-05-01 00:57:00,31.87,68.35,0
2024-05-01 00:58:00,14.9,36.36,0
2024-05-01 00:59:00,21.38,93.21,1
2024-05-01 01:00:00,39.69,64.17,0
2024-05-01 01:01:00,29.2,82.04,1
2024-05-01 01:02:00,26.71,50.45,1
2024-05-01 01:03:00,30.54,62.69,0
2024-05-01 01:04:00,35.29,48.74,0
2024-05-01 01:05:00,33.28,40.92,0
2024-05-01 01:06:00,16.87,61.03,0
2024-05-01 01:07:00,10.96,59.78,0
2024-05-01 01:08:00,19.46,27.89,0
2024-05-01 01:09:00,18.03,98.51,0
2024-05-01 01:10:00,16.33,57.56,0
2024-05-01 01:11:00,38.29,87.18,0
2024-05-01 01:12:00,36.29,93.15,0
2024-05-01 01:13:00,19.44,49.66,0
2024-05-01 01:14:00,29.66,53.11,1
2024-05-01 01:15:00,21.87,65.0,1
2024-05-01 01:16:00,37.44,37.7,0
2024-05-01 01:17:00,23.77,31.67,0
2024-05-01 01:18:00,17.95,40.86,0
2024-05-01 01:19:00,17.4,94.78,0
2024-05-01 01:20:00,26.84,66.33,1
2024-05-01 01:21:00,17.88,53.41,0
2024-05-01 01:22:00,27.54,32.19,0
2024-05-01 01:23:00,36.93,46.39,0
2024-05-01 01:24:00,21.98,50.39,1
2024-05-01 01:25:00,16.58,86.67,0
2024-05-01 01:26:00,39.93,59.94,0
2024-05-01 01:27:00,25.29,72.37,1
2024-05-01 01:28:00,12.73,74.79,0
2024-05-01 01:29:00,11.41,40.59,0
2024-05-01 01:30:00,13.29,85.73,0
2024-05-01 01:31:00,28.82,97.32,1
2024-05-01 01:32:00,33.76,71.34,0
2024-05-01 01:33:00,22.66,59.25,1
2024-05-01 01:34:00,11.91,33.46,0
2024-05-01 01:35:00,21.45,83.6,1
2024-05-01 01:36:00,39.88,33.54,0
2024-05-01 01:37:00,25.87,77.63,1
2024-05-01 01:38:00,39.13,59.07,0
2024-05-01 01:39:00,35.82,93.35,0
2024-05-01 01:40:00,10.34,63.37,0
2024-05-01 01:41:00,31.62,71.34,0
2024-05-01 01:42:00,30.45,24.7,0
2024-05-01 01:43:00,26.11,22.71,0
2024-05-01 01:44:00,18.0,87.74,0
2024-05-01 01:45:00,29.23,95.62,1
2024-05-01 01:46:00,13.35,73.46,0
2024-05-01 01:47:00,23.04,81.15,1
2024-05-01 01:48:00,23.61,52.99,1
2024-05-01 01:49:00,38.61,87.4,0
2024-05-01 01:50:00,36.28,38.51,0
2024-05-01 01:51:00,17.9,76.57,0
2024-05-01 01:52:00,25.02,20.73,0
2024-05-01 01:53:00,15.36,60.46,0
2024-05-01 01:54:00,37.38,49.86,0
2024-05-01 01:55:00,36.12,69.43,0
2024-05-01 01:56:00,18.95,73.34,0
2024-05-01 01:57:00,29.17,69.32,1
2024-05-01 01:58:00,28.27,58.66,1
2024-05-01 01:59:00,14.59,59.03,0
2024-05-01 02:00:00,32.88,20.53,0
2024-05-01 02:01:00,26.18,64.13,1
2024-05-01 02:02:00,33.36,20.95,0
2024-05-01 02:03:00,25.91,62.35,1
2024-05-01 02:04:00,10.02,41.98,0
2024-05-01 02:05:00,19.72,98.2,0
2024-05-01 02:06:00,10.58,21.37,0
2024-05-01 02:07:00,37.87,85.05,0
2024-05-01 02:08:00,36.36,73.92,0
2024-05-01 02:09:00,34.95,84.49,0
2024-05-01 02:10:00,19.23,92.78,0
2024-05-01 02:11:00,11.74,28.56,0
2024-05-01 02:12:00,36.34,27.71,0
2024-05-01 02:13:00,38.41,31.91,0
2024-05-01 02:14:00,12.57,35.35,0
2024-05-01 02:15:00,24.58,62.12,1
2024-05-01 02:16:00,12.08,85.22,0
2024-05-01 02:17:00,32.82,41.39,0
2024-05-01 02:18:00,32.98,51.75,0
2024-05-01 02:19:00,13.85,49.84,0
2024-05-01 02:20:00,24.26,52.48,1
2024-05-01 02:21:00,26.49,65.2,1
2024-05-01 02:22:00,17.95,99.22,0
2024-05-01 02:23:00,36.17,38.07,0
2024-05-01 02:24:00,22.69,74.72,1
2024-05-01 02:25:00,16.35,87.83,0
2024-05-01 02:26:00,26.18,72.3,1
2024-05-01 02:27:00,31.9,88.66,0
2024-05-01 02:28:00,16.03,80.77,0
2024-05-01 02:29:00,19.35,27.48,0
2024-05-01 02:30:00,39.85,50.34,0
2024-05-01 02:31:00,29.5,64.22,1
2024-05-01 02:32:00,23.14,24.49,0
2024-05-01 02:33:00,25.53,20.76,0
2024-05-01 02:34:00,13.63,33.71,0
2024-05-01 02:35:00,16.74,59.99,0
2024-05-01 02:36:00,20.14,54.71,1
2024-05-01 02:37:00,27.65,82.75,1
2024-05-01 02:38:00,16.9,65.27,0
2024-05-01 02:39:00,16.61,88.64,0
2024-05-01 02:40:00,12.13,27.63,0
2024-05-01 02:41:00,28.93,62.25,1
2024-05-01 02:42:00,16.87,23.4,0
2024-05-01 02:43:00,37.16,36.91,0
2024-05-01 02:44:00,35.79,89.45,0
2024-05-01 02:45:00,12.13,91.0,0
2024-05-01 02:46:00,17.14,58.04,0
2024-05-01 02:47:00,30.07,23.72,0
2024-05-01 02:48:00,16.43,25.95,0
2024-05-01 02:49:00,13.97,94.05,0
2024-05-01 02:50:00,38.07,91.94,0
2024-05-01 02:51:00,27.13,65.08,1
2024-05-01 02:52:00,24.18,22.63,0
2024-05-01 02:53:00,33.54,94.3,0
2024-05-01 02:54:00,34.22,45.16,0
2024-05-01 02:55:00,15.71,96.92,0
2024-05-01 02:56:00,12.91,66.96,0
2024-05-01 02:57:00,22.93,80.18,1
2024-05-01 02:58:00,22.71,77.02,1
2024-05-01 02:59:00,24.01,51.86,1
2024-05-01 03:00:00,31.87,26.15,0
2024-05-01 03:01:00,30.2,33.0,0
2024-05-01 03:02:00,39.52,39.24,0
2024-05-01 03:03:00,12.95,86.77,0
2024-05-01 03:04:00,22.08,51.13,1
2024-05-01 03:05:00,20.18,91.72,1
2024-05-01 03:06:00,35.85,46.54,0
2024-05-01 03:07:00,17.46,80.45,0
2024-05-01 03:08:00,15.71,31.2,0
2024-05-01 03:09:00,23.46,99.08,1
2024-05-01 03:10:00,22.66,77.93,1
2024-05-01 03:11:00,18.36,60.06,0
2024-05-01 03:12:00,17.49,97.95,0
2024-05-01 03:13:00,37.7,24.3,0
2024-05-01 03:14:00,23.29,54.97,1
2024-05-01 03:15:00,35.84,87.09,0
2024-05-01 03:16:00,26.51,47.25,0
2024-05-01 03:17:00,11.52,81.52,0
2024-05-01 03:18:00,39.98,96.39,0
2024-05-01 03:19:00,35.08,51.74,0
2024-05-01 03:20:00,39.07,81.88,0
2024-05-01 03:21:00,37.79,22.37,0
2024-05-01 03:22:00,35.46,41.87,0
2024-05-01 03:23:00,14.99,99.41,0
2024-05-01 03:24:00,24.57,59.25,1
2024-05-01 03:25:00,16.41,48.46,0
2024-05-01 03:26:00,22.03,95.29,1
2024-05-01 03:27:00,11.76,54.55,0
2024-05-01 03:28:00,21.37,74.38,1
2024-05-01 03:29:00,39.56,72.85,0
2024-05-01 03:30:00,17.96,26.86,0
2024-05-01 03:31:00,33.52,69.49,0
2024-05-01 03:32:00,23.65,83.84,1
2024-05-01 03:33:00,22.69,77.05,1
2024-05-01 03:34:00,38.72,26.56,0
2024-05-01 03:35:00,39.86,32.34,0
2024-05-01 03:36:00,26.67,76.93,1
2024-05-01 03:37:00,31.55,70.71,0
2024-05-01 03:38:00,14.64,79.17,0
2024-05-01 03:39:00,18.9,45.33,0
2024-05-01 03:40:00,39.06,28.52,0
2024-05-01 03:41:00,27.38,20.42,0
2024-05-01 03:42:00,26.27,44.66,0
2024-05-01 03:43:00,32.44,48.79,0
2024-05-01 03:44:00,11.71,41.58,0
2024-05-01 03:45:00,27.53,30.6,0
2024-05-01 03:46:00,25.09,34.99,0
2024-05-01 03:47:00,35.58,55.91,0
2024-05-01 03:48:00,14.72,64.38,0
2024-05-01 03:49:00,38.82,52.64,0
2024-05-01 03:50:00,12.4,22.1,0
2024-05-01 03:51:00,15.57,48.31,0
2024-05-01 03:52:00,27.85,27.45,0
2024-05-01 03:53:00,30.26,67.84,0
2024-05-01 03:54:00,17.06,45.95,0
2024-05-01 03:55:00,13.6,50.82,0
2024-05-01 03:56:00,36.71,43.35,0
2024-05-01 03:57:00,17.39,51.02,0
2024-05-01 03:58:00,27.84,26.78,0
2024-05-01 03:59:00,28.58,92.09,1
2024-05-01 04:00:00,22.58,92.42,1
2024-05-01 04:01:00,27.51,98.25,1
2024-05-01 04:02:00,25.68,65.76,1
2024-05-01 04:03:00,38.04,33.57,0
2024-05-01 04:04:00,16.13,50.46,0
2024-05-01 04:05:00,31.49,31.11,0
2024-05-01 04:06:00,17.16,44.09,0
2024-05-01 04:07:00,21.87,59.45,1
2024-05-01 04:08:00,30.15,25.06,0
2024-05-01 04:09:00,19.0,54.77,0
2024-05-01 04:10:00,19.49,53.69,0
2024-05-01 04:11:00,32.56,58.74,0
2024-05-01 04:12:00,12.18,26.15,0
2024-05-01 04:13:00,23.75,40.14,0
2024-05-01 04:14:00,39.95,39.73,0
2024-05-01 04:15:00,39.88,70.0,0
2024-05-01 04:16:00,12.2,67.5,0
2024-05-01 04:17:00,16.39,35.64,0
2024-05-01 04:18:00,17.96,28.56,0
2024-05-01 04:19:00,38.0,44.37,0
2024-05-01 04:20:00,36.43,95.91,0
2024-05-01 04:21:00,36.38,46.58,0
2024-05-01 04:22:00,21.09,69.62,1
2024-05-01 04:23:00,14.73,84.33,0
2024-05-01 04:24:00,35.01,46.36,0
2024-05-01 04:25:00,31.11,46.78,0
2024-05-01 04:26:00,28.35,85.24,1
2024-05-01 04:27:00,39.62,88.76,0
2024-05-01 04:28:00,29.62,97.94,1
2024-05-01 04:29:00,10.23,30.89,0
2024-05-01 04:30:00,34.51,45.65,0
2024-05-01 04:31:00,18.98,95.78,0
2024-05-01 04:32:00,29.9,36.07,0
2024-05-01 04:33:00,38.17,45.13,0
2024-05-01 04:34:00,14.03,97.17,0
2024-05-01 04:35:00,13.46,97.5,0
2024-05-01 04:36:00,13.21,43.32,0
2024-05-01 04:37:00,26.6,75.6,1
2024-05-01 04:38:00,18.17,59.28,0
2024-05-01 04:39:00,28.14,66.07,1
2024-05-01 04:40:00,31.53,39.39,0
2024-05-01 04:41:00,16.11,50.08,0
2024-05-01 04:42:00,29.03,85.32,1
2024-05-01 04:43:00,17.92,51.43,0
2024-05-01 04:44:00,24.66,29.11,0
2024-05-01 04:45:00,37.16,65.11,0
2024-05-01 04:46:00,35.38,67.38,0
2024-05-01 04:47:00,12.77,63.65,0
2024-05-01 04:48:00,22.71,74.54,1
2024-05-01 04:49:00,18.3,64.01,0
2024-05-01 04:50:00,10.11,96.24,0
2024-05-01 04:51:00,33.13,56.93,0
2024-05-01 04:52:00,29.11,76.67,1
2024-05-01 04:53:00,17.86,55.08,0
2024-05-01 04:54:00,32.24,43.31,0
2024-05-01 04:55:00,26.55,75.43,1
2024-05-01 04:56:00,22.83,85.52,1
2024-05-01 04:57:00,10.29,83.65,0
2024-05-01 04:58:00,12.26,52.73,0
2024-05-01 04:59:00,36.49,59.94,0
2024-05-01 05:00:00,37.12,70.67,0
2024-05-01 05:01:00,26.37,39.36,0
2024-05-01 05:02:00,35.04,72.69,0
2024-05-01 05:03:00,27.48,77.22,1
2024-05-01 05:04:00,14.44,83.13,0
2024-05-01 05:05:00,13.82,25.92,0
2024-05-01 05:06:00,19.25,99.26,0
2024-05-01 05:07:00,36.97,58.34,0
2024-05-01 05:08:00,33.88,52.06,0
2024-05-01 05:09:00,35.82,60.53,0
2024-05-01 05:10:00,36.97,93.63,0
2024-05-01 05:11:00,16.3,75.34,0
2024-05-01 05:12:00,17.49,63.49,0
2024-05-01 05:13:00,13.08,83.26,0
2024-05-01 05:14:00,33.4,48.76,0
2024-05-01 05:15:00,36.52,91.64,0
2024-05-01 05:16:00,22.19,62.95,1
2024-05-01 05:17:00,28.62,71.05,1
2024-05-01 05:18:00,14.64,26.8,0
2024-05-01 05:19:00,37.9,81.52,0
2024-05-01 05:20:00,35.94,72.61,0
2024-05-01 05:21:00,39.29,48.4,0
2024-05-01 05:22:00,34.32,71.76,0
2024-05-01 05:23:00,36.44,23.54,0
2024-05-01 05:24:00,10.74,98.69,0
2024-05-01 05:25:00,32.1,74.2,0
2024-05-01 05:26:00,19.97,51.97,0
2024-05-01 05:27:00,37.92,80.21,0
2024-05-01 05:28:00,34.07,97.26,0
2024-05-01 05:29:00,35.92,54.44,0
2024-05-01 05:30:00,34.32,20.84,0
2024-05-01 05:31:00,18.0,40.7,0
2024-05-01 05:32:00,33.62,60.85,0
2024-05-01 05:33:00,13.24,61.5,0
2024-05-01 05:34:00,36.17,66.44,0
2024-05-01 05:35:00,35.76,66.02,0
2024-05-01 05:36:00,16.67,55.66,0
2024-05-01 05:37:00,34.5,51.29,0
2024-05-01 05:38:00,23.81,81.79,1
2024-05-01 05:39:00,19.16,67.09,0
2024-05-01 05:40:00,33.86,60.04,0
2024-05-01 05:41:00,16.83,47.6,0
2024-05-01 05:42:00,10.71,21.97,0
2024-05-01 05:43:00,15.79,28.36,0
2024-05-01 05:44:00,19.85,53.28,0
2024-05-01 05:45:00,35.93,96.94,0
2024-05-01 05:46:00,39.01,29.29,0
2024-05-01 05:47:00,18.37,95.25,0
2024-05-01 05:48:00,29.24,31.33,0
2024-05-01 05:49:00,21.99,44.95,0
2024-05-01 05:50:00,39.43,56.43,0
2024-05-01 05:51:00,26.09,36.55,0
2024-05-01 05:52:00,38.18,58.63,0
2024-05-01 05:53:00,13.46,58.09,0
2024-05-01 05:54:00,39.11,55.05,0
2024-05-01 05:55:00,15.36,75.74,0
2024-05-01 05:56:00,38.88,45.51,0
2024-05-01 05:57:00,17.96,44.02,0
2024-05-01 05:58:00,13.25,84.81,0
2024-05-01 05:59:00,23.04,29.21,0
2024-05-01 06:00:00,31.86,87.93,0
2024-05-01 06:01:00,19.41,71.84,0
2024-05-01 06:02:00,28.19,74.17,1
2024-05-01 06:03:00,25.34,33.15,0
2024-05-01 06:04:00,21.56,98.71,1
2024-05-01 06:05:00,27.3,39.51,0
2024-05-01 06:06:00,17.64,33.96,0
2024-05-01 06:07:00,31.26,32.81,0
2024-05-01 06:08:00,10.05,64.79,0
2024-05-01 06:09:00,37.77,96.68,0
2024-05-01 06:10:00,26.15,38.55,0
2024-05-01 06:11:00,31.58,52.4,0
2024-05-01 06:12:00,32.26,34.76,0
2024-05-01 06:13:00,30.12,71.24,0
2024-05-01 06:14:00,20.93,54.57,1
2024-05-01 06:15:00,12.1,22.34,0
2024-05-01 06:16:00,29.93,69.13,1
2024-05-01 06:17:00,19.91,35.79,0
2024-05-01 06:18:00,19.42,67.38,0
2024-05-01 06:19:00,35.44,51.11,0
2024-05-01 06:20:00,31.59,76.38,0
2024-05-01 06:21:00,19.01,36.46,0
2024-05-01 06:22:00,19.28,80.19,0
2024-05-01 06:23:00,22.25,84.7,1
2024-05-01 06:24:00,22.07,25.01,0
2024-05-01 06:25:00,18.87,28.14,0
2024-05-01 06:26:00,13.82,89.76,0
2024-05-01 06:27:00,22.61,34.96,0
2024-05-01 06:28:00,38.21,46.08,0
2024-05-01 06:29:00,30.32,56.6,0
2024-05-01 06:30:00,37.08,40.99,0
2024-05-01 06:31:00,28.47,89.01,1
2024-05-01 06:32:00,19.03,62.22,0
2024-05-01 06:33:00,26.44,71.13,1
2024-05-01 06:34:00,10.01,67.76,0
2024-05-01 06:35:00,18.61,68.9,0
2024-05-01 06:36:00,22.9,66.96,1
2024-05-01 06:37:00,27.4,47.83,0
2024-05-01 06:38:00,29.64,87.64,1
2024-05-01 06:39:00,23.95,69.39,1
2024-05-01 06:40:00,23.26,85.1,1
2024-05-01 06:41:00,16.41,76.48,0
2024-05-01 06:42:00,24.2,43.8,0
2024-05-01 06:43:00,37.04,69.16,0
2024-05-01 06:44:00,33.88,26.78,0
2024-05-01 06:45:00,15.09,30.72,0
2024-05-01 06:46:00,12.54,29.43,0
2024-05-01 06:47:00,25.46,44.43,0
2024-05-01 06:48:00,28.99,34.64,0
2024-05-01 06:49:00,20.06,75.47,1
2024-05-01 06:50:00,34.55,60.87,0
2024-05-01 06:51:00,32.53,53.46,0
2024-05-01 06:52:00,30.18,31.03,0
2024-05-01 06:53:00,16.74,50.7,0
2024-05-01 06:54:00,15.97,34.86,0
2024-05-01 06:55:00,10.73,70.84,0
2024-05-01 06:56:00,17.35,75.47,0
2024-05-01 06:57:00,24.25,71.62,1
2024-05-01 06:58:00,35.49,99.99,0
2024-05-01 06:59:00,12.18,64.39,0
2024-05-01 07:00:00,22.43,59.17,1
2024-05-01 07:01:00,28.89,31.22,0
2024-05-01 07:02:00,15.83,45.17,0
2024-05-01 07:03:00,30.89,56.08,0
2024-05-01 07:04:00,24.83,24.29,0
2024-05-01 07:05:00,17.32,48.72,0
2024-05-01 07:06:00,29.68,20.77,0
2024-05-01 07:07:00,10.17,30.92,0
2024-05-01 07:08:00,32.53,85.22,0
2024-05-01 07:09:00,33.1,97.11,0
2024-05-01 07:10:00,13.2,60.44,0
2024-05-01 07:11:00,22.75,59.6,1
2024-05-01 07:12:00,15.28,74.78,0
2024-05-01 07:13:00,38.74,53.25,0
2024-05-01 07:14:00,25.54,87.19,1
2024-05-01 07:15:00,11.51,59.1,0
2024-05-01 07:16:00,17.48,26.61,0
2024-05-01 07:17:00,35.45,22.47,0
2024-05-01 07:18:00,23.69,80.88,1
2024-05-01 07:19:00,34.04,43.37,0
2024-05-01 07:20:00,30.03,41.99,0
2024-05-01 07:21:00,39.64,63.01,0
2024-05-01 07:22:00,27.86,33.46,0
2024-05-01 07:23:00,38.5,56.59,0
2024-05-01 07:24:00,36.74,79.4,0
2024-05-01 07:25:00,28.38,81.27,1
2024-05-01 07:26:00,31.58,63.98,0
2024-05-01 07:27:00,25.14,29.06,0
2024-05-01 07:28:00,34.92,29.14,0
2024-05-01 07:29:00,26.44,82.01,1
2024-05-01 07:30:00,36.92,85.86,0
2024-05-01 07:31:00,32.31,49.35,0
2024-05-01 07:32:00,24.24,85.81,1
2024-05-01 07:33:00,17.78,23.33,0
2024-05-01 07:34:00,17.42,77.52,0
2024-05-01 07:35:00,29.13,63.71,1
2024-05-01 07:36:00,32.97,99.18,0
2024-05-01 07:37:00,25.64,28.19,0
2024-05-01 07:38:00,28.8,86.41,1
2024-05-01 07:39:00,18.24,80.11,0
2024-05-01 07:40:00,12.32,43.82,0
2024-05-01 07:41:00,18.57,99.95,0
2024-05-01 07:42:00,18.15,55.98,0
2024-05-01 07:43:00,19.59,47.89,0
2024-05-01 07:44:00,26.2,85.34,1
2024-05-01 07:45:00,14.15,55.13,0
2024-05-01 07:46:00,16.94,99.52,0
2024-05-01 07:47:00,30.82,82.05,0
2024-05-01 07:48:00,31.19,38.96,0
2024-05-01 07:49:00,11.93,84.86,0
2024-05-01 07:50:00,22.23,67.03,1
2024-05-01 07:51:00,26.28,48.05,0
2024-05-01 07:52:00,22.47,76.86,1
2024-05-01 07:53:00,16.21,70.62,0
2024-05-01 07:54:00,22.6,33.28,0
2024-05-01 07:55:00,37.15,31.14,0
2024-05-01 07:56:00,27.52,36.53,0
2024-05-01 07:57:00,30.87,36.56,0
2024-05-01 07:58:00,35.7,24.75,0
2024-05-01 07:59:00,32.97,48.07,0
2024-05-01 08:00:00,21.41,42.49,0
2024-05-01 08:01:00,10.18,63.1,0
2024-05-01 08:02:00,20.55,45.89,0
2024-05-01 08:03:00,32.6,76.32,0
2024-05-01 08:04:00,35.6,43.15,0
2024-05-01 08:05:00,38.6,41.39,0
2024-05-01 08:06:00,22.57,88.64,1
2024-05-01 08:07:00,32.43,98.84,0
2024-05-01 08:08:00,26.38,74.34,1
2024-05-01 08:09:00,28.1,27.62,0
2024-05-01 08:10:00,16.62,97.02,0
2024-05-01 08:11:00,16.58,82.86,0
2024-05-01 08:12:00,23.08,93.5,1
2024-05-01 08:13:00,10.87,99.4,0
2024-05-01 08:14:00,20.08,89.36,1
2024-05-01 08:15:00,30.37,30.15,0
2024-05-01 08:16:00,22.13,89.29,1
2024-05-01 08:17:00,14.95,39.97,0
2024-05-01 08:18:00,24.02,76.91,1
2024-05-01 08:19:00,13.83,86.28,0
2024-05-01 08:20:00,28.67,80.92,1
2024-05-01 08:21:00,10.81,74.1,0
2024-05-01 08:22:00,21.82,59.16,1
2024-05-01 08:23:00,26.93,66.19,1
2024-05-01 08:24:00,10.81,41.5,0
2024-05-01 08:25:00,29.28,53.14,1
2024-05-01 08:26:00,14.07,56.16,0
2024-05-01 08:27:00,23.85,70.69,1
2024-05-01 08:28:00,11.51,90.41,0
2024-05-01 08:29:00,21.37,27.45,0
2024-05-01 08:30:00,16.35,61.25,0
2024-05-01 08:31:00,19.81,42.26,0
2024-05-01 08:32:00,32.84,94.91,0
2024-05-01 08:33:00,21.37,49.53,0
2024-05-01 08:34:00,32.56,96.02,0
2024-05-01 08:35:00,34.96,46.18,0
2024-05-01 08:36:00,17.57,20.2,0
2024-05-01 08:37:00,12.46,81.93,0
2024-05-01 08:38:00,10.58,78.62,0
2024-05-01 08:39:00,26.18,78.47,1
2024-05-01 08:40:00,40.0,56.68,0
2024-05-01 08:41:00,20.5,73.13,1
2024-05-01 08:42:00,29.5,48.66,0
2024-05-01 08:43:00,33.44,25.07,0
2024-05-01 08:44:00,29.55,62.75,1
2024-05-01 08:45:00,32.63,37.43,0
2024-05-01 08:46:00,38.49,54.37,0
2024-05-01 08:47:00,15.98,36.95,0
2024-05-01 08:48:00,10.61,41.48,0
2024-05-01 08:49:00,14.57,86.27,0
2024-05-01 08:50:00,13.79,47.02,0
2024-05-01 08:51:00,30.08,66.23,0
2024-05-01 08:52:00,26.92,65.29,1
2024-05-01 08:53:00,16.54,58.83,0
2024-05-01 08:54:00,30.98,47.5,0
2024-05-01 08:55:00,33.01,74.6,0
2024-05-01 08:56:00,15.03,23.87,0
2024-05-01 08:57:00,28.22,27.97,0
2024-05-01 08:58:00,32.44,82.71,0
2024-05-01 08:59:00,13.44,56.77,0
2024-05-01 09:00:00,34.58,29.94,0
2024-05-01 09:01:00,38.94,88.61,0
2024-05-01 09:02:00,13.24,55.3,0
2024-05-01 09:03:00,10.77,20.05,0
2024-05-01 09:04:00,19.36,96.64,0
2024-05-01 09:05:00,30.32,36.19,0
2024-05-01 09:06:00,38.75,75.09,0
2024-05-01 09:07:00,21.9,30.55,0
2024-05-01 09:08:00,31.45,72.0,0
2024-05-01 09:09:00,12.28,32.72,0
2024-05-01 09:10:00,30.72,94.62,0
2024-05-01 09:11:00,28.82,41.92,0
2024-05-01 09:12:00,13.06,72.37,0
2024-05-01 09:13:00,33.17,40.03,0
2024-05-01 09:14:00,35.51,49.75,0
2024-05-01 09:15:00,28.01,92.3,1
2024-05-01 09:16:00,13.63,33.24,0
2024-05-01 09:17:00,39.52,51.71,0
2024-05-01 09:18:00,33.48,44.44,0
2024-05-01 09:19:00,20.42,75.96,1
2024-05-01 09:20:00,22.85,38.73,0
2024-05-01 09:21:00,21.12,72.44,1
2024-05-01 09:22:00,25.18,76.3,1
2024-05-01 09:23:00,20.24,20.09,0
2024-05-01 09:24:00,35.49,58.14,0
2024-05-01 09:25:00,34.67,30.62,0
2024-05-01 09:26:00,13.17,38.1,0
2024-05-01 09:27:00,38.82,74.4,0
2024-05-01 09:28:00,29.07,20.74,0
2024-05-01 09:29:00,34.86,75.65,0
2024-05-01 09:30:00,31.22,85.37,0
2024-05-01 09:31:00,23.06,99.05,1
2024-05-01 09:32:00,32.01,53.79,0
2024-05-01 09:33:00,38.96,30.57,0
2024-05-01 09:34:00,18.1,25.67,0
2024-05-01 09:35:00,34.25,50.65,0
2024-05-01 09:36:00,26.15,78.46,1
2024-05-01 09:37:00,24.5,28.19,0
2024-05-01 09:38:00,23.07,45.07,0
2024-05-01 09:39:00,31.93,90.48,0
2024-05-01 09:40:00,18.05,30.97,0
2024-05-01 09:41:00,35.55,81.88,0
2024-05-01 09:42:00,34.92,80.25,0
2024-05-01 09:43:00,12.6,30.65,0
2024-05-01 09:44:00,36.45,99.44,0
2024-05-01 09:45:00,17.32,31.43,0
2024-05-01 09:46:00,23.94,62.44,1
2024-05-01 09:47:00,28.31,20.68,0
2024-05-01 09:48:00,21.37,72.0,1
2024-05-01 09:49:00,10.86,55.21,0
2024-05-01 09:50:00,35.53,77.79,0
2024-05-01 09:51:00,15.46,70.25,0
2024-05-01 09:52:00,16.36,32.11,0
2024-05-01 09:53:00,33.93,52.94,0
2024-05-01 09:54:00,20.21,74.93,1
2024-05-01 09:55:00,36.41,88.8,0
2024-05-01 09:56:00,31.04,26.94,0
2024-05-01 09:57:00,18.29,28.04,0
2024-05-01 09:58:00,10.3,80.2,0
2024-05-01 09:59:00,38.44,67.17,0
2024-05-01 10:00:00,12.57,50.72,0
2024-05-01 10:01:00,31.6,97.06,0
2024-05-01 10:02:00,24.66,45.16,0
2024-05-01 10:03:00,32.74,31.19,0
2024-05-01 10:04:00,30.72,42.16,0
2024-05-01 10:05:00,29.38,26.74,0
2024-05-01 10:06:00,24.72,64.27,1
2024-05-01 10:07:00,33.79,68.0,0
2024-05-01 10:08:00,12.79,68.61,0
2024-05-01 10:09:00,16.65,82.32,0
2024-05-01 10:10:00,30.75,75.24,0
2024-05-01 10:11:00,19.19,87.83,0
2024-05-01 10:12:00,27.45,72.67,1
2024-05-01 10:13:00,24.2,44.13,0
2024-05-01 10:14:00,25.93,61.42,1
2024-05-01 10:15:00,22.77,60.76,1
2024-05-01 10:16:00,32.38,79.83,0
2024-05-01 10:17:00,19.92,43.64,0
2024-05-01 10:18:00,31.09,24.37,0
2024-05-01 10:19:00,18.13,91.83,0
2024-05-01 10:20:00,17.54,96.37,0
2024-05-01 10:21:00,13.62,59.59,0
2024-05-01 10:22:00,15.78,29.02,0
2024-05-01 10:23:00,13.59,59.97,0
2024-05-01 10:24:00,26.08,67.51,1
2024-05-01 10:25:00,32.87,62.26,0
2024-05-01 10:26:00,15.55,98.22,0
2024-05-01 10:27:00,16.49,98.95,0
2024-05-01 10:28:00,24.53,94.71,1
2024-05-01 10:29:00,31.74,30.56,0
2024-05-01 10:30:00,39.3,88.87,0
2024-05-01 10:31:00,25.74,65.47,1
2024-05-01 10:32:00,18.49,49.23,0
2024-05-01 10:33:00,13.02,74.64,0
2024-05-01 10:34:00,15.82,81.02,0
2024-05-01 10:35:00,16.82,96.36,0
2024-05-01 10:36:00,15.38,81.63,0
2024-05-01 10:37:00,10.42,21.34,0
2024-05-01 10:38:00,26.02,25.4,0
2024-05-01 10:39:00,18.23,40.97,0
2024-05-01 10:40:00,39.23,23.19,0
2024-05-01 10:41:00,26.6,24.84,0
2024-05-01 10:42:00,30.92,83.14,0
2024-05-01 10:43:00,13.79,60.53,0
2024-05-01 10:44:00,36.05,70.29,0
2024-05-01 10:45:00,24.73,60.08,1
2024-05-01 10:46:00,36.18,53.23,0
2024-05-01 10:47:00,27.22,76.14,1
2024-05-01 10:48:00,24.08,26.59,0
2024-05-01 10:49:00,23.21,62.93,1
2024-05-01 10:50:00,15.53,69.28,0
2024-05-01 10:51:00,11.54,42.2,0
2024-05-01 10:52:00,38.23,44.79,0
2024-05-01 10:53:00,24.33,60.9,1
2024-05-01 10:54:00,34.66,36.26,0
2024-05-01 10:55:00,22.02,84.64,1
2024-05-01 10:56:00,12.22,62.91,0
2024-05-01 10:57:00,28.88,51.26,1
2024-05-01 10:58:00,11.61,70.74,0
2024-05-01 10:59:00,14.48,86.76,0
2024-05-01 11:00:00,26.89,74.48,1
2024-05-01 11:01:00,19.12,25.29,0
2024-05-01 11:02:00,39.82,75.89,0
2024-05-01 11:03:00,13.55,78.4,0
2024-05-01 11:04:00,32.93,87.72,0
2024-05-01 11:05:00,28.19,24.63,0
2024-05-01 11:06:00,33.72,26.9,0
2024-05-01 11:07:00,16.77,54.76,0
2024-05-01 11:08:00,25.68,56.27,1
2024-05-01 11:09:00,23.52,68.71,1
2024-05-01 11:10:00,23.28,44.74,0
2024-05-01 11:11:00,35.8,79.34,0
2024-05-01 11:12:00,39.7,79.25,0
2024-05-01 11:13:00,19.16,29.56,0
2024-05-01 11:14:00,28.63,76.63,1
2024-05-01 11:15:00,28.29,76.12,1
2024-05-01 11:16:00,32.2,33.11,0
2024-05-01 11:17:00,38.43,96.24,0
2024-05-01 11:18:00,16.23,61.84,0
2024-05-01 11:19:00,16.33,82.64,0
2024-05-01 11:20:00,29.81,77.66,1
2024-05-01 11:21:00,14.71,33.36,0
2024-05-01 11:22:00,15.21,30.15,0
2024-05-01 11:23:00,12.25,82.49,0
2024-05-01 11:24:00,10.08,41.5,0
2024-05-01 11:25:00,23.52,90.91,1
2024-05-01 11:26:00,27.81,81.71,1
2024-05-01 11:27:00,18.74,22.35,0
2024-05-01 11:28:00,16.94,84.57,0
2024-05-01 11:29:00,31.21,41.76,0
2024-05-01 11:30:00,31.09,25.11,0
2024-05-01 11:31:00,23.62,76.99,1
2024-05-01 11:32:00,30.62,66.13,0
2024-05-01 11:33:00,37.72,26.17,0
2024-05-01 11:34:00,33.63,56.42,0
2024-05-01 11:35:00,28.75,48.81,0
2024-05-01 11:36:00,29.84,59.97,1
2024-05-01 11:37:00,38.01,65.35,0
2024-05-01 11:38:00,22.75,49.42,0
2024-05-01 11:39:00,26.34,40.41,0
2024-05-01 11:40:00,29.43,28.23,0
2024-05-01 11:41:00,37.25,65.91,0
2024-05-01 11:42:00,34.8,77.82,0
2024-05-01 11:43:00,12.14,38.27,0
2024-05-01 11:44:00,14.98,60.71,0
2024-05-01 11:45:00,19.23,23.52,0
2024-05-01 11:46:00,32.47,89.03,0
2024-05-01 11:47:00,27.08,39.56,0
2024-05-01 11:48:00,18.66,57.74,0
2024-05-01 11:49:00,13.73,50.64,0
2024-05-01 11:50:00,30.66,32.01,0
2024-05-01 11:51:00,30.99,94.49,0
2024-05-01 11:52:00,38.28,88.6,0
2024-05-01 11:53:00,25.01,64.23,1
2024-05-01 11:54:00,24.81,93.12,1
2024-05-01 11:55:00,12.41,79.25,0
2024-05-01 11:56:00,11.2,53.55,0
2024-05-01 11:57:00,22.96,45.74,0
2024-05-01 11:58:00,19.67,53.3,0
2024-05-01 11:59:00,17.51,77.62,0
2024-05-01 12:00:00,12.74,41.7,0
2024-05-01 12:01:00,38.86,26.23,0
2024-05-01 12:02:00,35.08,49.82,0
2024-05-01 12:03:00,27.26,60.16,1
2024-05-01 12:04:00,38.52,92.16,0
2024-05-01 12:05:00,39.99,34.35,0
2024-05-01 12:06:00,30.17,84.35,0
2024-05-01 12:07:00,18.09,98.51,0
2024-05-01 12:08:00,11.21,96.33,0
2024-05-01 12:09:00,32.69,25.51,0
2024-05-01 12:10:00,24.12,57.21,1
2024-05-01 12:11:00,29.55,42.58,0
2024-05-01 12:12:00,37.48,87.59,0
2024-05-01 12:13:00,15.44,46.18,0
2024-05-01 12:14:00,27.56,64.25,1
2024-05-01 12:15:00,29.04,20.64,0
2024-05-01 12:16:00,24.75,36.05,0
2024-05-01 12:17:00,12.74,65.1,0
2024-05-01 12:18:00,20.44,44.31,0
2024-05-01 12:19:00,20.0,69.82,1
2024-05-01 12:20:00,30.1,57.11,0
2024-05-01 12:21:00,35.73,67.34,0
2024-05-01 12:22:00,19.89,59.47,0
2024-05-01 12:23:00,30.81,81.81,0
2024-05-01 12:24:00,18.65,35.63,0
2024-05-01 12:25:00,38.36,92.04,0
2024-05-01 12:26:00,34.41,80.84,0
2024-05-01 12:27:00,26.5,39.61,0
2024-05-01 12:28:00,23.64,20.51,0
2024-05-01 12:29:00,19.44,52.8,0
2024-05-01 12:30:00,19.7,38.64,0
2024-05-01 12:31:00,39.11,47.71,0
2024-05-01 12:32:00,22.13,87.17,1
2024-05-01 12:33:00,25.44,90.18,1
2024-05-01 12:34:00,39.64,96.08,0
2024-05-01 12:35:00,29.73,20.12,0
2024-05-01 12:36:00,26.28,72.58,1
2024-05-01 12:37:00,22.4,87.92,1
2024-05-01 12:38:00,15.63,78.18,0
2024-05-01 12:39:00,20.85,28.32,0
2024-05-01 12:40:00,32.69,62.39,0
2024-05-01 12:41:00,28.76,39.05,0
2024-05-01 12:42:00,32.8,59.36,0
2024-05-01 12:43:00,16.11,24.79,0
2024-05-01 12:44:00,26.48,99.76,1
2024-05-01 12:45:00,37.83,76.93,0
2024-05-01 12:46:00,23.14,27.44,0
2024-05-01 12:47:00,30.95,93.7,0
2024-05-01 12:48:00,13.64,91.78,0
2024-05-01 12:49:00,39.19,61.58,0
2024-05-01 12:50:00,28.27,76.07,1
2024-05-01 12:51:00,17.18,49.8,0
2024-05-01 12:52:00,14.75,97.96,0
2024-05-01 12:53:00,26.53,26.79,0
2024-05-01 12:54:00,26.57,27.65,0
2024-05-01 12:55:00,12.8,30.68,0
2024-05-01 12:56:00,39.77,85.6,0
2024-05-01 12:57:00,37.39,25.99,0
2024-05-01 12:58:00,23.84,65.43,1
2024-05-01 12:59:00,13.52,54.8,0
2024-05-01 13:00:00,34.96,97.14,0
2024-05-01 13:01:00,24.95,38.94,0
2024-05-01 13:02:00,31.5,40.88,0
2024-05-01 13:03:00,25.27,45.2,0
2024-05-01 13:04:00,18.2,84.07,0
2024-05-01 13:05:00,35.04,76.06,0
2024-05-01 13:06:00,39.41,78.83,0
2024-05-01 13:07:00,17.31,45.44,0
2024-05-01 13:08:00,26.54,41.76,0
2024-05-01 13:09:00,21.51,25.97,0
2024-05-01 13:10:00,37.66,36.22,0
2024-05-01 13:11:00,25.25,82.39,1
2024-05-01 13:12:00,36.38,66.78,0
2024-05-01 13:13:00,35.92,32.43,0
2024-05-01 13:14:00,18.29,33.15,0
2024-05-01 13:15:00,33.7,57.28,0
2024-05-01 13:16:00,22.45,52.52,1
2024-05-01 13:17:00,38.03,62.87,0
2024-05-01 13:18:00,25.23,97.17,1
2024-05-01 13:19:00,34.62,36.61,0
2024-05-01 13:20:00,18.49,44.66,0
2024-05-01 13:21:00,18.96,41.2,0
2024-05-01 13:22:00,27.61,29.59,0
2024-05-01 13:23:00,39.97,32.61,0
2024-05-01 13:24:00,24.69,74.88,1
2024-05-01 13:25:00,14.46,86.11,0
2024-05-01 13:26:00,26.16,75.75,1
2024-05-01 13:27:00,20.35,23.23,0
2024-05-01 13:28:00,26.56,86.87,1
2024-05-01 13:29:00,26.3,46.22,0
2024-05-01 13:30:00,23.66,27.3,0
2024-05-01 13:31:00,19.65,39.86,0
2024-05-01 13:32:00,15.66,48.46,0
2024-05-01 13:33:00,30.92,61.08,0
2024-05-01 13:34:00,27.15,74.17,1
2024-05-01 13:35:00,17.01,40.81,0
2024-05-01 13:36:00,33.27,99.25,0
2024-05-01 13:37:00,11.31,22.49,0
2024-05-01 13:38:00,32.34,52.35,0
2024-05-01 13:39:00,31.16,56.18,0
2024-05-01 13:40:00,34.34,79.85,0
2024-05-01 13:41:00,21.58,39.99,0
2024-05-01 13:42:00,29.91,56.96,1
2024-05-01 13:43:00,34.62,84.31,0
2024-05-01 13:44:00,39.42,31.18,0
2024-05-01 13:45:00,24.86,20.96,0
2024-05-01 13:46:00,11.11,86.43,0
2024-05-01 13:47:00,25.07,98.61,1
2024-05-01 13:48:00,27.71,30.46,0
2024-05-01 13:49:00,36.09,85.89,0
2024-05-01 13:50:00,36.23,49.78,0
2024-05-01 13:51:00,23.21,70.42,1
2024-05-01 13:52:00,25.78,71.57,1
2024-05-01 13:53:00,23.71,66.59,1
2024-05-01 13:54:00,31.67,40.71,0
2024-05-01 13:55:00,22.3,85.02,1
2024-05-01 13:56:00,29.64,21.74,0
2024-05-01 13:57:00,14.63,25.16,0
2024-05-01 13:58:00,24.08,92.2,1
2024-05-01 13:59:00,39.08,55.47,0
2024-05-01 14:00:00,20.16,30.3,0
2024-05-01 14:01:00,30.78,92.41,0
2024-05-01 14:02:00,29.5,86.35,1
2024-05-01 14:03:00,35.55,46.52,0
2024-05-01 14:04:00,35.57,23.42,0
2024-05-01 14:05:00,35.78,56.88,0
2024-05-01 14:06:00,21.4,33.44,0
2024-05-01 14:07:00,19.5,65.91,0
2024-05-01 14:08:00,31.56,85.73,0
2024-05-01 14:09:00,32.78,51.6,0
2024-05-01 14:10:00,36.17,22.36,0
2024-05-01 14:11:00,11.08,74.66,0
2024-05-01 14:12:00,12.05,33.82,0
2024-05-01 14:13:00,28.93,37.18,0
2024-05-01 14:14:00,37.63,34.97,0
2024-05-01 14:15:00,39.92,42.39,0
2024-05-01 14:16:00,32.4,90.67,0
2024-05-01 14:17:00,23.02,22.77,0
2024-05-01 14:18:00,12.95,69.53,0
2024-05-01 14:19:00,29.01,39.66,0
2024-05-01 14:20:00,36.18,43.61,0
2024-05-01 14:21:00,23.31,52.96,1
2024-05-01 14:22:00,30.82,64.06,0
2024-05-01 14:23:00,37.1,24.88,0
2024-05-01 14:24:00,11.38,42.38,0
2024-05-01 14:25:00,33.88,30.98,0
2024-05-01 14:26:00,18.8,35.96,0
2024-05-01 14:27:00,21.25,90.77,1
2024-05-01 14:28:00,14.37,62.07,0
2024-05-01 14:29:00,25.93,70.46,1
2024-05-01 14:30:00,26.98,84.17,1
2024-05-01 14:31:00,33.78,83.59,0
2024-05-01 14:32:00,15.1,99.15,0
2024-05-01 14:33:00,12.37,82.55,0
2024-05-01 14:34:00,36.13,48.73,0
2024-05-01 14:35:00,28.59,63.56,1
2024-05-01 14:36:00,17.22,58.77,0
2024-05-01 14:37:00,37.38,93.01,0
2024-05-01 14:38:00,14.29,60.19,0
2024-05-01 14:39:00,23.83,51.07,1
2024-05-01 14:40:00,17.62,34.39,0
2024-05-01 14:41:00,17.66,45.51,0
2024-05-01 14:42:00,10.28,37.52,0
2024-05-01 14:43:00,34.14,91.66,0
2024-05-01 14:44:00,37.04,82.28,0
2024-05-01 14:45:00,30.33,24.69,0
2024-05-01 14:46:00,14.74,99.32,0
2024-05-01 14:47:00,23.25,62.35,1
2024-05-01 14:48:00,20.37,81.35,1
2024-05-01 14:49:00,27.63,99.97,1
2024-05-01 14:50:00,29.17,97.92,1
2024-05-01 14:51:00,22.73,28.01,0
2024-05-01 14:52:00,17.5,72.55,0
2024-05-01 14:53:00,35.36,41.32,0
2024-05-01 14:54:00,15.98,85.3,0
2024-05-01 14:55:00,21.54,93.38,1
2024-05-01 14:56:00,24.5,24.47,0
2024-05-01 14:57:00,17.12,99.71,0
2024-05-01 14:58:00,27.16,37.55,0
2024-05-01 14:59:00,27.24,87.72,1
2024-05-01 15:00:00,39.78,83.79,0
2024-05-01 15:01:00,18.86,48.38,0
2024-05-01 15:02:00,39.34,87.14,0
2024-05-01 15:03:00,29.75,87.62,1
2024-05-01 15:04:00,18.23,34.09,0
2024-05-01 15:05:00,26.98,67.4,1
2024-05-01 15:06:00,30.57,84.5,0
2024-05-01 15:07:00,32.34,75.81,0
2024-05-01 15:08:00,11.47,93.12,0
2024-05-01 15:09:00,28.19,22.26,0
2024-05-01 15:10:00,24.9,76.04,1
2024-05-01 15:11:00,37.12,95.8,0
2024-05-01 15:12:00,18.59,65.09,0
2024-05-01 15:13:00,33.97,65.05,0
2024-05-01 15:14:00,28.21,35.06,0
2024-05-01 15:15:00,20.57,99.04,1
2024-05-01 15:16:00,29.1,90.53,1
2024-05-01 15:17:00,28.63,59.38,1
2024-05-01 15:18:00,30.33,44.72,0
2024-05-01 15:19:00,31.63,59.23,0
2024-05-01 15:20:00,29.78,27.22,0
2024-05-01 15:21:00,35.15,38.61,0
2024-05-01 15:22:00,28.85,37.5,0
2024-05-01 15:23:00,37.1,62.12,0
2024-05-01 15:24:00,29.39,20.05,0
2024-05-01 15:25:00,19.27,93.43,0
2024-05-01 15:26:00,23.22,36.12,0
2024-05-01 15:27:00,27.39,30.44,0
2024-05-01 15:28:00,31.97,77.36,0
2024-05-01 15:29:00,12.7,93.5,0
2024-05-01 15:30:00,18.85,87.54,0
2024-05-01 15:31:00,32.42,45.89,0
2024-05-01 15:32:00,15.27,21.75,0
2024-05-01 15:33:00,13.96,66.93,0
2024-05-01 15:34:00,26.18,93.38,1
2024-05-01 15:35:00,39.14,81.95,0
2024-05-01 15:36:00,25.93,87.72,1
2024-05-01 15:37:00,37.4,88.85,0
2024-05-01 15:38:00,34.91,96.84,0
2024-05-01 15:39:00,17.71,49.89,0
2024-05-01 15:40:00,34.74,95.35,0
2024-05-01 15:41:00,24.46,51.65,1
2024-05-01 15:42:00,34.19,28.08,0
2024-05-01 15:43:00,32.4,44.14,0
2024-05-01 15:44:00,20.16,30.92,0
2024-05-01 15:45:00,13.46,32.6,0
2024-05-01 15:46:00,38.89,95.9,0
2024-05-01 15:47:00,14.22,83.35,0
2024-05-01 15:48:00,39.0,96.85,0
2024-05-01 15:49:00,35.8,71.93,0
2024-05-01 15:50:00,31.73,33.94,0
2024-05-01 15:51:00,39.4,97.5,0
2024-05-01 15:52:00,39.02,75.48,0
2024-05-01 15:53:00,34.14,94.31,0
2024-05-01 15:54:00,20.97,82.96,1
2024-05-01 15:55:00,33.72,37.86,0
2024-05-01 15:56:00,10.42,67.12,0
2024-05-01 15:57:00,26.1,34.03,0
2024-05-01 15:58:00,23.64,44.55,0
2024-05-01 15:59:00,30.18,75.08,0
2024-05-01 16:00:00,30.17,30.19,0
2024-05-01 16:01:00,27.54,78.31,1
2024-05-01 16:02:00,34.67,95.9,0
2024-05-01 16:03:00,38.21,95.9,0
2024-05-01 16:04:00,13.25,51.33,0
2024-05-01 16:05:00,17.01,99.54,0
2024-05-01 16:06:00,10.75,97.21,0
2024-05-01 16:07:00,36.53,22.59,0
2024-05-01 16:08:00,26.84,68.19,1
2024-05-01 16:09:00,37.46,93.68,0
2024-05-01 16:10:00,16.64,97.4,0
2024-05-01 16:11:00,11.9,37.67,0
2024-05-01 16:12:00,34.72,65.24,0
2024-05-01 16:13:00,37.28,94.94,0
2024-05-01 16:14:00,19.07,31.25,0
2024-05-01 16:15:00,22.25,79.63,1
2024-05-01 16:16:00,14.19,39.04,0
2024-05-01 16:17:00,38.39,98.59,0
2024-05-01 16:18:00,19.13,33.43,0
2024-05-01 16:19:00,24.78,90.83,1
2024-05-01 16:20:00,12.92,27.1,0
2024-05-01 16:21:00,36.62,76.72,0
2024-05-01 16:22:00,14.07,71.13,0
2024-05-01 16:23:00,23.61,90.93,1
2024-05-01 16:24:00,30.11,55.73,0
2024-05-01 16:25:00,32.29,41.22,0
2024-05-01 16:26:00,38.38,39.96,0
2024-05-01 16:27:00,22.57,25.42,0
2024-05-01 16:28:00,32.27,40.53,0
2024-05-01 16:29:00,14.64,28.64,0
2024-05-01 16:30:00,22.45,20.1,0
2024-05-01 16:31:00,12.97,50.87,0
2024-05-01 16:32:00,24.68,78.61,1
2024-05-01 16:33:00,22.24,97.53,1
2024-05-01 16:34:00,38.55,90.76,0
2024-05-01 16:35:00,10.98,59.45,0
2024-05-01 16:36:00,21.12,50.3,1
2024-05-01 16:37:00,23.3,63.68,1
2024-05-01 16:38:00,38.52,28.11,0
2024-05-01 16:39:00,35.66,58.36,0
2024-05-01 16:40:00,12.98,89.12,0
2024-05-01 16:41:00,30.57,72.08,0
2024-05-01 16:42:00,26.33,74.97,1
2024-05-01 16:43:00,39.34,33.01,0
2024-05-01 16:44:00,20.76,25.9,0
2024-05-01 16:45:00,21.94,87.66,1
2024-05-01 16:46:00,15.69,43.59,0
2024-05-01 16:47:00,13.66,45.5,0
2024-05-01 16:48:00,35.44,96.13,0
2024-05-01 16:49:00,23.64,25.94,0
2024-05-01 16:50:00,29.88,33.61,0
2024-05-01 16:51:00,29.25,50.04,1
2024-05-01 16:52:00,27.91,78.56,1
2024-05-01 16:53:00,10.64,63.76,0
2024-05-01 16:54:00,33.6,91.85,0
2024-05-01 16:55:00,17.31,27.45,0
2024-05-01 16:56:00,13.78,67.52,0
2024-05-01 16:57:00,26.94,69.09,1
2024-05-01 16:58:00,12.06,58.62,0
2024-05-01 16:59:00,32.95,22.48,0
2024-05-01 17:00:00,16.21,95.4,0
2024-05-01 17:01:00,16.48,33.2,0
2024-05-01 17:02:00,36.09,91.18,0
2024-05-01 17:03:00,19.86,32.57,0
2024-05-01 17:04:00,14.43,28.1,0
2024-05-01 17:05:00,37.02,36.44,0
2024-05-01 17:06:00,10.09,35.2,0
2024-05-01 17:07:00,35.75,75.78,0
2024-05-01 17:08:00,14.34,77.76,0
2024-05-01 17:09:00,13.9,78.4,0
2024-05-01 17:10:00,17.52,41.22,0
2024-05-01 17:11:00,15.23,42.52,0
2024-05-01 17:12:00,29.83,39.0,0
2024-05-01 17:13:00,10.77,23.97,0
2024-05-01 17:14:00,10.45,65.74,0
2024-05-01 17:15:00,33.7,87.19,0
2024-05-01 17:16:00,17.14,32.29,0
2024-05-01 17:17:00,19.71,48.87,0
2024-05-01 17:18:00,15.23,54.21,0
2024-05-01 17:19:00,11.57,43.56,0
2024-05-01 17:20:00,32.25,72.96,0
2024-05-01 17:21:00,25.78,68.02,1
2024-05-01 17:22:00,32.37,35.97,0
2024-05-01 17:23:00,24.29,22.06,0
2024-05-01 17:24:00,33.34,33.67,0
2024-05-01 17:25:00,25.4,43.34,0
2024-05-01 17:26:00,13.27,26.55,0
2024-05-01 17:27:00,25.12,87.5,1
2024-05-01 17:28:00,38.36,44.67,0
2024-05-01 17:29:00,11.3,51.8,0
2024-05-01 17:30:00,33.5,59.13,0
2024-05-01 17:31:00,36.01,72.88,0
2024-05-01 17:32:00,25.64,27.29,0
2024-05-01 17:33:00,23.74,63.53,1
2024-05-01 17:34:00,38.92,34.79,0
2024-05-01 17:35:00,11.82,90.84,0
2024-05-01 17:36:00,24.37,49.55,0
2024-05-01 17:37:00,22.05,55.66,1
2024-05-01 17:38:00,30.58,41.06,0
2024-05-01 17:39:00,24.71,57.2,1
2024-05-01 17:40:00,37.29,38.1,0
2024-05-01 17:41:00,12.2,41.48,0
2024-05-01 17:42:00,12.42,24.93,0
2024-05-01 17:43:00,28.25,80.18,1
2024-05-01 17:44:00,11.97,73.4,0
2024-05-01 17:45:00,18.25,26.86,0
2024-05-01 17:46:00,28.99,47.5,0
2024-05-01 17:47:00,26.45,63.32,1
2024-05-01 17:48:00,19.76,97.66,0
2024-05-01 17:49:00,39.84,67.18,0
2024-05-01 17:50:00,25.92,64.29,1
2024-05-01 17:51:00,23.61,87.26,1
2024-05-01 17:52:00,28.16,85.47,1
2024-05-01 17:53:00,12.98,53.49,0
2024-05-01 17:54:00,31.05,62.84,0
2024-05-01 17:55:00,35.58,89.35,0
2024-05-01 17:56:00,29.53,57.99,1
2024-05-01 17:57:00,33.07,90.53,0
2024-05-01 17:58:00,31.63,58.1,0
2024-05-01 17:59:00,16.45,26.32,0
2024-05-01 18:00:00,23.55,92.22,1
2024-05-01 18:01:00,16.85,77.14,0
2024-05-01 18:02:00,20.17,60.17,1
2024-05-01 18:03:00,23.6,92.04,1
2024-05-01 18:04:00,22.48,84.04,1
2024-05-01 18:05:00,12.85,74.2,0
2024-05-01 18:06:00,22.8,69.62,1
2024-05-01 18:07:00,29.95,29.62,0
2024-05-01 18:08:00,21.23,80.58,1
2024-05-01 18:09:00,14.58,33.83,0
2024-05-01 18:10:00,37.69,98.75,0
2024-05-01 18:11:00,12.01,97.77,0
2024-05-01 18:12:00,34.95,84.68,0
2024-05-01 18:13:00,12.8,30.09,0
2024-05-01 18:14:00,12.9,53.87,0
2024-05-01 18:15:00,32.16,99.06,0
2024-05-01 18:16:00,34.35,54.83,0
2024-05-01 18:17:00,26.69,99.78,1
2024-05-01 18:18:00,27.59,70.18,1
2024-05-01 18:19:00,26.85,86.73,1
2024-05-01 18:20:00,19.89,40.63,0
2024-05-01 18:21:00,13.67,92.86,0
2024-05-01 18:22:00,20.61,93.13,1
2024-05-01 18:23:00,29.96,25.36,0
2024-05-01 18:24:00,32.51,51.05,0
2024-05-01 18:25:00,36.04,51.79,0
2024-05-01 18:26:00,31.63,46.09,0
2024-05-01 18:27:00,39.05,42.1,0
2024-05-01 18:28:00,28.01,56.65,1
2024-05-01 18:29:00,20.55,89.88,1
2024-05-01 18:30:00,27.34,82.92,1
2024-05-01 18:31:00,16.38,69.84,0
2024-05-01 18:32:00,29.7,61.8,1
2024-05-01 18:33:00,16.73,53.57,0
2024-05-01 18:34:00,13.25,53.16,0
2024-05-01 18:35:00,35.36,31.86,0
2024-05-01 18:36:00,21.03,67.03,1
2024-05-01 18:37:00,32.88,80.67,0
2024-05-01 18:38:00,27.22,95.17,1
2024-05-01 18:39:00,34.22,93.99,0
2024-05-01 18:40:00,35.35,65.01,0
2024-05-01 18:41:00,39.24,28.08,0
2024-05-01 18:42:00,34.55,42.89,0
2024-05-01 18:43:00,28.41,62.85,1
2024-05-01 18:44:00,29.28,47.51,0
2024-05-01 18:45:00,10.79,52.87,0
2024-05-01 18:46:00,37.87,50.64,0
2024-05-01 18:47:00,34.88,58.85,0
2024-05-01 18:48:00,18.02,68.72,0
2024-05-01 18:49:00,15.41,23.0,0
2024-05-01 18:50:00,31.08,42.03,0
2024-05-01 18:51:00,19.27,31.51,0
2024-05-01 18:52:00,20.19,68.69,1
2024-05-01 18:53:00,10.18,75.49,0
2024-05-01 18:54:00,36.1,23.1,0
2024-05-01 18:55:00,26.99,91.17,1
2024-05-01 18:56:00,22.02,46.52,0
2024-05-01 18:57:00,14.26,39.01,0
2024-05-01 18:58:00,29.0,79.66,1
2024-05-01 18:59:00,10.92,93.67,0
2024-05-01 19:00:00,32.38,91.76,0
2024-05-01 19:01:00,16.45,21.62,0
2024-05-01 19:02:00,22.59,85.39,1
2024-05-01 19:03:00,20.23,44.24,0
2024-05-01 19:04:00,21.1,42.43,0
2024-05-01 19:05:00,31.65,59.33,0
2024-05-01 19:06:00,33.31,75.69,0
2024-05-01 19:07:00,27.03,27.86,0
2024-05-01 19:08:00,12.55,89.51,0
2024-05-01 19:09:00,11.58,30.75,0
2024-05-01 19:10:00,14.72,97.94,0
2024-05-01 19:11:00,28.54,55.45,1
2024-05-01 19:12:00,30.22,86.07,0
2024-05-01 19:13:00,18.16,41.55,0
2024-05-01 19:14:00,29.86,53.34,1
2024-05-01 19:15:00,24.57,71.64,1
2024-05-01 19:16:00,23.26,35.03,0
2024-05-01 19:17:00,18.2,36.91,0
2024-05-01 19:18:00,32.65,85.92,0
2024-05-01 19:19:00,13.41,79.28,0
2024-05-01 19:20:00,22.9,80.76,1
2024-05-01 19:21:00,18.5,89.38,0
2024-05-01 19:22:00,30.35,85.68,0
2024-05-01 19:23:00,24.6,61.22,1
2024-05-01 19:24:00,30.01,32.72,0
2024-05-01 19:25:00,11.36,44.89,0
2024-05-01 19:26:00,21.86,60.54,1
2024-05-01 19:27:00,27.98,30.85,0
2024-05-01 19:28:00,10.23,88.1,0
2024-05-01 19:29:00,19.04,90.35,0
2024-05-01 19:30:00,16.34,22.32,0
2024-05-01 19:31:00,14.12,35.42,0
2024-05-01 19:32:00,17.67,86.63,0
2024-05-01 19:33:00,19.84,86.96,0
2024-05-01 19:34:00,10.23,39.96,0
2024-05-01 19:35:00,32.41,56.52,0
2024-05-01 19:36:00,15.27,93.44,0
2024-05-01 19:37:00,21.41,76.37,1
2024-05-01 19:38:00,31.11,41.92,0
2024-05-01 19:39:00,25.01,85.88,1
2024-05-01 19:40:00,35.0,60.41,0
2024-05-01 19:41:00,34.19,70.83,0
2024-05-01 19:42:00,12.16,29.91,0
2024-05-01 19:43:00,35.85,22.45,0
2024-05-01 19:44:00,11.27,49.8,0
2024-05-01 19:45:00,10.56,67.52,0
2024-05-01 19:46:00,37.63,34.21,0
2024-05-01 19:47:00,35.86,89.64,0
2024-05-01 19:48:00,27.27,66.95,1
2024-05-01 19:49:00,27.2,47.98,0
2024-05-01 19:50:00,31.28,33.08,0
2024-05-01 19:51:00,22.53,91.56,1
2024-05-01 19:52:00,13.46,79.92,0
2024-05-01 19:53:00,10.63,75.11,0
2024-05-01 19:54:00,19.74,42.81,0
2024-05-01 19:55:00,34.04,50.93,0
2024-05-01 19:56:00,28.54,33.03,0
2024-05-01 19:57:00,34.96,65.78,0
2024-05-01 19:58:00,37.59,97.19,0
2024-05-01 19:59:00,12.64,88.57,0
2024-05-01 20:00:00,35.33,71.79,0
2024-05-01 20:01:00,17.3,74.22,0
2024-05-01 20:02:00,27.67,41.53,0
2024-05-01 20:03:00,25.72,52.76,1
2024-05-01 20:04:00,21.87,21.6,0
2024-05-01 20:05:00,19.31,82.42,0
2024-05-01 20:06:00,20.19,81.41,1
2024-05-01 20:07:00,19.99,20.71,0
2024-05-01 20:08:00,15.04,92.92,0
2024-05-01 20:09:00,25.31,71.79,1
2024-05-01 20:10:00,13.42,68.09,0
2024-05-01 20:11:00,25.3,20.68,0
2024-05-01 20:12:00,37.18,40.19,0
2024-05-01 20:13:00,20.48,84.41,1
2024-05-01 20:14:00,31.82,44.44,0
2024-05-01 20:15:00,34.57,97.36,0
2024-05-01 20:16:00,34.45,71.42,0
2024-05-01 20:17:00,17.09,53.9,0
2024-05-01 20:18:00,14.39,50.12,0
2024-05-01 20:19:00,15.92,47.9,0
2024-05-01 20:20:00,28.07,40.16,0
2024-05-01 20:21:00,32.81,57.34,0
2024-05-01 20:22:00,29.67,74.18,1
2024-05-01 20:23:00,15.31,85.94,0
2024-05-01 20:24:00,33.19,51.77,0
2024-05-01 20:25:00,24.82,28.18,0
2024-05-01 20:26:00,32.63,60.92,0
2024-05-01 20:27:00,32.8,72.99,0
2024-05-01 20:28:00,23.47,87.46,1
2024-05-01 20:29:00,37.72,49.94,0
2024-05-01 20:30:00,26.93,71.79,1
2024-05-01 20:31:00,29.06,68.72,1
2024-05-01 20:32:00,28.74,43.88,0
2024-05-01 20:33:00,35.93,28.65,0
2024-05-01 20:34:00,28.82,25.11,0
2024-05-01 20:35:00,14.53,99.07,0
2024-05-01 20:36:00,12.05,71.25,0
2024-05-01 20:37:00,23.27,88.92,1
2024-05-01 20:38:00,19.08,40.89,0
2024-05-01 20:39:00,18.24,76.89,0
2024-05-01 20:40:00,11.69,91.39,0
2024-05-01 20:41:00,25.22,43.9,0
2024-05-01 20:42:00,19.31,31.99,0
2024-05-01 20:43:00,23.56,81.24,1
2024-05-01 20:44:00,11.71,91.97,0
2024-05-01 20:45:00,34.95,84.43,0
2024-05-01 20:46:00,12.3,84.19,0
2024-05-01 20:47:00,35.93,68.0,0
2024-05-01 20:48:00,35.66,72.84,0
2024-05-01 20:49:00,28.45,74.46,1
2024-05-01 20:50:00,25.21,77.7,1
2024-05-01 20:51:00,23.88,72.43,1
2024-05-01 20:52:00,26.63,99.8,1
2024-05-01 20:53:00,33.75,40.75,0
2024-05-01 20:54:00,36.88,53.49,0
2024-05-01 20:55:00,23.49,51.06,1
2024-05-01 20:56:00,34.29,22.83,0
2024-05-01 20:57:00,29.56,76.65,1
2024-05-01 20:58:00,19.65,65.76,0
2024-05-01 20:59:00,24.27,35.19,0
2024-05-01 21:00:00,14.53,78.12,0
2024-05-01 21:01:00,11.86,37.79,0
2024-05-01 21:02:00,13.11,62.77,0
2024-05-01 21:03:00,36.97,82.79,0
2024-05-01 21:04:00,20.3,92.52,1
2024-05-01 21:05:00,31.43,73.75,0
2024-05-01 21:06:00,25.14,60.59,1
2024-05-01 21:07:00,15.18,87.63,0
2024-05-01 21:08:00,17.43,87.25,0
2024-05-01 21:09:00,23.13,90.12,1
2024-05-01 21:10:00,23.18,34.49,0
2024-05-01 21:11:00,25.68,27.81,0
2024-05-01 21:12:00,14.76,30.24,0
2024-05-01 21:13:00,21.19,40.69,0
2024-05-01 21:14:00,18.49,84.67,0
2024-05-01 21:15:00,22.26,81.03,1
2024-05-01 21:16:00,20.15,34.65,0
2024-05-01 21:17:00,27.94,74.38,1
2024-05-01 21:18:00,33.68,46.85,0
2024-05-01 21:19:00,29.42,27.14,0
2024-05-01 21:20:00,11.98,48.42,0
2024-05-01 21:21:00,12.84,79.54,0
2024-05-01 21:22:00,30.35,44.57,0
2024-05-01 21:23:00,18.52,83.05,0
2024-05-01 21:24:00,31.71,46.51,0
2024-05-01 21:25:00,29.7,40.84,0
2024-05-01 21:26:00,37.19,43.52,0
2024-05-01 21:27:00,36.2,88.1,0
2024-05-01 21:28:00,20.0,57.64,1
2024-05-01 21:29:00,27.48,89.31,1
2024-05-01 21:30:00,14.24,66.69,0
2024-05-01 21:31:00,20.49,95.54,1
2024-05-01 21:32:00,39.03,25.7,0
2024-05-01 21:33:00,30.95,91.15,0
2024-05-01 21:34:00,21.76,60.04,1
2024-05-01 21:35:00,27.85,89.4,1
2024-05-01 21:36:00,38.14,50.53,0
2024-05-01 21:37:00,19.29,43.87,0
2024-05-01 21:38:00,21.3,24.32,0
2024-05-01 21:39:00,33.75,88.34,0
2024-05-01 21:40:00,34.4,30.99,0
2024-05-01 21:41:00,30.1,36.02,0
2024-05-01 21:42:00,34.87,52.74,0
2024-05-01 21:43:00,32.16,65.55,0
2024-05-01 21:44:00,30.56,92.53,0
2024-05-01 21:45:00,25.79,56.61,1
2024-05-01 21:46:00,29.38,45.31,0
2024-05-01 21:47:00,22.7,77.25,1
2024-05-01 21:48:00,20.85,82.32,1
2024-05-01 21:49:00,20.88,59.01,1
2024-05-01 21:50:00,15.41,70.48,0
2024-05-01 21:51:00,16.43,34.15,0
2024-05-01 21:52:00,38.43,70.76,0
2024-05-01 21:53:00,24.59,20.38,0
2024-05-01 21:54:00,16.8,41.88,0
2024-05-01 21:55:00,14.13,80.9,0
2024-05-01 21:56:00,12.31,33.49,0
2024-05-01 21:57:00,35.33,81.16,0
2024-05-01 21:58:00,13.03,59.17,0
2024-05-01 21:59:00,33.13,81.09,0
2024-05-01 22:00:00,35.05,27.04,0
2024-05-01 22:01:00,36.51,69.16,0
2024-05-01 22:02:00,11.13,70.68,0
2024-05-01 22:03:00,20.1,52.27,1
2024-05-01 22:04:00,32.99,97.23,0
2024-05-01 22:05:00,13.93,50.67,0
2024-05-01 22:06:00,21.3,23.02,0
2024-05-01 22:07:00,14.87,35.95,0
2024-05-01 22:08:00,34.94,49.85,0
2024-05-01 22:09:00,33.13,21.13,0
2024-05-01 22:10:00,34.27,45.78,0
2024-05-01 22:11:00,14.97,86.66,0
2024-05-01 22:12:00,23.13,35.25,0
2024-05-01 22:13:00,22.33,74.14,1
2024-05-01 22:14:00,30.29,70.13,0
2024-05-01 22:15:00,17.13,39.91,0
2024-05-01 22:16:00,23.33,75.48,1
2024-05-01 22:17:00,18.55,47.55,0
2024-05-01 22:18:00,32.46,30.31,0
2024-05-01 22:19:00,23.47,50.68,1
2024-05-01 22:20:00,26.02,67.09,1
2024-05-01 22:21:00,19.28,33.36,0
2024-05-01 22:22:00,34.26,85.91,0
2024-05-01 22:23:00,24.07,43.86,0
2024-05-01 22:24:00,35.05,43.27,0
2024-05-01 22:25:00,21.04,78.23,1
2024-05-01 22:26:00,38.41,67.71,0
2024-05-01 22:27:00,39.53,47.03,0
2024-05-01 22:28:00,23.85,91.04,1
2024-05-01 22:29:00,18.45,99.64,0
2024-05-01 22:30:00,21.46,47.42,0
2024-05-01 22:31:00,25.82,92.11,1
2024-05-01 22:32:00,38.99,48.74,0
2024-05-01 22:33:00,34.51,35.07,0
2024-05-01 22:34:00,34.04,95.85,0
2024-05-01 22:35:00,14.15,93.46,0
2024-05-01 22:36:00,17.5,52.27,0
2024-05-01 22:37:00,29.24,38.27,0
2024-05-01 22:38:00,36.22,78.17,0
2024-05-01 22:39:00,26.64,30.5,0
2024-05-01 22:40:00,13.08,78.73,0
2024-05-01 22:41:00,35.38,67.18,0
2024-05-01 22:42:00,35.53,33.52,0
2024-05-01 22:43:00,18.55,49.33,0
2024-05-01 22:44:00,32.89,72.04,0
2024-05-01 22:45:00,18.18,22.99,0
2024-05-01 22:46:00,37.16,90.12,0
2024-05-01 22:47:00,14.42,40.46,0
2024-05-01 22:48:00,23.12,62.78,1
2024-05-01 22:49:00,38.39,23.89,0
2024-05-01 22:50:00,16.66,99.57,0
2024-05-01 22:51:00,23.53,72.96,1
2024-05-01 22:52:00,20.49,72.29,1
2024-05-01 22:53:00,10.8,21.58,0
2024-05-01 22:54:00,11.6,75.18,0
2024-05-01 22:55:00,25.06,53.34,1
2024-05-01 22:56:00,17.07,50.42,0
2024-05-01 22:57:00,39.84,63.78,0
2024-05-01 22:58:00,21.25,57.95,1
2024-05-01 22:59:00,10.85,32.25,0
2024-05-01 23:00:00,37.92,75.62,0
2024-05-01 23:01:00,35.18,70.42,0
2024-05-01 23:02:00,29.5,44.09,0
2024-05-01 23:03:00,33.74,72.93,0
2024-05-01 23:04:00,14.13,73.0,0
2024-05-01 23:05:00,18.61,41.6,0
2024-05-01 23:06:00,34.89,68.45,0
2024-05-01 23:07:00,30.88,30.97,0
2024-05-01 23:08:00,14.16,86.45,0
2024-05-01 23:09:00,31.17,28.39,0
2024-05-01 23:10:00,23.46,77.5,1
2024-05-01 23:11:00,10.16,29.42,0
2024-05-01 23:12:00,12.38,29.12,0
2024-05-01 23:13:00,17.68,28.5,0
2024-05-01 23:14:00,35.05,35.89,0
2024-05-01 23:15:00,26.46,35.98,0
2024-05-01 23:16:00,31.82,41.04,0
2024-05-01 23:17:00,25.83,61.85,1
2024-05-01 23:18:00,13.34,36.13,0
2024-05-01 23:19:00,18.64,76.27,0
2024-05-01 23:20:00,19.03,43.63,0
2024-05-01 23:21:00,11.43,23.15,0
2024-05-01 23:22:00,22.59,59.71,1
2024-05-01 23:23:00,33.82,36.62,0
2024-05-01 23:24:00,23.71,94.65,1
2024-05-01 23:25:00,13.33,46.45,0
2024-05-01 23:26:00,37.15,20.22,0
2024-05-01 23:27:00,27.9,73.73,1
2024-05-01 23:28:00,10.49,92.55,0
2024-05-01 23:29:00,25.46,86.82,1
2024-05-01 23:30:00,17.26,73.52,0
2024-05-01 23:31:00,14.31,31.93,0
2024-05-01 23:32:00,22.88,27.21,0
2024-05-01 23:33:00,28.44,60.94,1
2024-05-01 23:34:00,17.22,77.89,0
2024-05-01 23:35:00,22.5,28.1,0
2024-05-01 23:36:00,29.93,40.47,0
2024-05-01 23:37:00,12.57,38.49,0
2024-05-01 23:38:00,39.24,99.09,0
2024-05-01 23:39:00,12.03,43.68,0
2024-05-01 23:40:00,25.78,57.14,1
2024-05-01 23:41:00,25.22,27.98,0
2024-05-01 23:42:00,39.65,33.98,0
2024-05-01 23:43:00,26.62,23.16,0
2024-05-01 23:44:00,21.71,43.25,0
2024-05-01 23:45:00,24.1,84.13,1
2024-05-01 23:46:00,29.07,45.02,0
2024-05-01 23:47:00,39.43,79.08,0
2024-05-01 23:48:00,17.61,27.6,0
2024-05-01 23:49:00,10.49,80.66,0
2024-05-01 23:50:00,33.66,23.67,0
2024-05-01 23:51:00,20.34,88.16,1
2024-05-01 23:52:00,31.99,73.07,0
2024-05-01 23:53:00,28.85,33.64,0
2024-05-01 23:54:00,33.15,48.6,0
2024-05-01 23:55:00,32.06,55.02,0
2024-05-01 23:56:00,19.98,69.74,0
2024-05-01 23:57:00,11.33,90.28,0
2024-05-01 23:58:00,26.38,27.44,0
2024-05-01 23:59:00,34.41,85.2,0
2024-05-02 00:00:00,15.25,34.63,0
2024-05-02 00:01:00,33.37,52.06,0
2024-05-02 00:02:00,23.94,96.98,1
2024-05-02 00:03:00,30.86,41.75,0
2024-05-02 00:04:00,28.95,50.86,1
2024-05-02 00:05:00,34.34,88.05,0
2024-05-02 00:06:00,11.89,83.99,0
2024-05-02 00:07:00,33.29,71.91,0
2024-05-02 00:08:00,23.73,83.75,1
2024-05-02 00:09:00,18.8,29.04,0
2024-05-02 00:10:00,11.31,75.69,0
2024-05-02 00:11:00,15.98,24.69,0
2024-05-02 00:12:00,11.26,95.4,0
2024-05-02 00:13:00,38.0,32.75,0
2024-05-02 00:14:00,25.46,53.28,1
2024-05-02 00:15:00,39.67,67.26,0
2024-05-02 00:16:00,26.29,84.18,1
2024-05-02 00:17:00,17.6,74.27,0
2024-05-02 00:18:00,32.6,34.5,0
2024-05-02 00:19:00,15.73,50.38,0
2024-05-02 00:20:00,20.71,48.69,0
2024-05-02 00:21:00,33.43,22.31,0
2024-05-02 00:22:00,35.97,74.76,0
2024-05-02 00:23:00,19.96,87.08,0
2024-05-02 00:24:00,13.73,97.88,0
2024-05-02 00:25:00,21.04,30.45,0
2024-05-02 00:26:00,36.68,93.63,0
2024-05-02 00:27:00,32.3,29.03,0
2024-05-02 00:28:00,36.84,52.9,0
2024-05-02 00:29:00,21.6,23.68,0
2024-05-02 00:30:00,39.21,40.93,0
2024-05-02 00:31:00,24.89,45.14,0
2024-05-02 00:32:00,24.93,76.37,1
2024-05-02 00:33:00,37.73,74.23,0
2024-05-02 00:34:00,25.58,81.4,1
2024-05-02 00:35:00,34.03,66.13,0
2024-05-02 00:36:00,31.81,65.2,0
2024-05-02 00:37:00,12.37,98.23,0
2024-05-02 00:38:00,28.07,73.59,1
2024-05-02 00:39:00,34.67,47.06,0
2024-05-02 00:40:00,26.36,61.85,1
2024-05-02 00:41:00,19.64,76.05,0
2024-05-02 00:42:00,12.4,27.62,0
2024-05-02 00:43:00,29.83,72.94,1
2024-05-02 00:44:00,19.19,39.89,0
2024-05-02 00:45:00,28.08,47.66,0
2024-05-02 00:46:00,22.78,74.1,1
2024-05-02 00:47:00,30.69,50.79,0
2024-05-02 00:48:00,20.55,87.12,1
2024-05-02 00:49:00,11.27,64.67,0
2024-05-02 00:50:00,36.1,99.02,0
2024-05-02 00:51:00,20.58,24.37,0
2024-05-02 00:52:00,39.94,71.47,0
2024-05-02 00:53:00,18.24,32.55,0
2024-05-02 00:54:00,39.4,87.91,0
2024-05-02 00:55:00,38.44,88.15,0
2024-05-02 00:56:00,12.25,89.55,0
2024-05-02 00:57:00,29.13,25.99,0
2024-05-02 00:58:00,20.9,59.33,1
2024-05-02 00:59:00,34.03,39.27,0
2024-05-02 01:00:00,30.38,97.61,0
2024-05-02 01:01:00,38.58,24.03,0
2024-05-02 01:02:00,14.28,37.82,0
2024-05-02 01:03:00,28.23,71.47,1
2024-05-02 01:04:00,33.44,52.26,0
2024-05-02 01:05:00,11.04,38.8,0
2024-05-02 01:06:00,12.02,56.73,0
2024-05-02 01:07:00,33.36,84.1,0
2024-05-02 01:08:00,20.99,55.85,1
2024-05-02 01:09:00,21.49,88.53,1
2024-05-02 01:10:00,27.02,55.77,1
2024-05-02 01:11:00,28.15,29.5,0
2024-05-02 01:12:00,30.37,59.79,0
2024-05-02 01:13:00,38.46,72.27,0
2024-05-02 01:14:00,21.16,28.21,0
2024-05-02 01:15:00,32.89,52.99,0
2024-05-02 01:16:00,27.22,64.57,1
2024-05-02 01:17:00,25.88,20.01,0
2024-05-02 01:18:00,21.94,27.27,0
2024-05-02 01:19:00,29.49,68.34,1
2024-05-02 01:20:00,17.49,69.53,0
2024-05-02 01:21:00,13.4,44.37,0
2024-05-02 01:22:00,32.07,60.67,0
2024-05-02 01:23:00,24.97,36.55,0
2024-05-02 01:24:00,21.61,73.72,1
2024-05-02 01:25:00,26.85,96.03,1
2024-05-02 01:26:00,17.85,49.07,0
2024-05-02 01:27:00,17.81,24.34,0
2024-05-02 01:28:00,23.39,37.83,0
2024-05-02 01:29:00,39.89,56.36,0
2024-05-02 01:30:00,18.57,64.81,0
2024-05-02 01:31:00,37.49,69.58,0
2024-05-02 01:32:00,24.74,57.85,1
2024-05-02 01:33:00,13.68,72.57,0
2024-05-02 01:34:00,35.58,77.27,0
2024-05-02 01:35:00,23.56,29.12,0
2024-05-02 01:36:00,36.96,80.75,0
2024-05-02 01:37:00,23.35,37.74,0
2024-05-02 01:38:00,12.63,47.31,0
2024-05-02 01:39:00,30.46,86.39,0
2024-05-02 01:40:00,35.37,97.15,0
2024-05-02 01:41:00,19.59,43.36,0
2024-05-02 01:42:00,20.42,61.76,1
2024-05-02 01:43:00,11.95,76.17,0
2024-05-02 01:44:00,26.27,23.66,0
2024-05-02 01:45:00,36.74,33.13,0
2024-05-02 01:46:00,35.54,31.24,0
2024-05-02 01:47:00,31.35,77.35,0
2024-05-02 01:48:00,37.82,77.72,0
2024-05-02 01:49:00,29.13,28.56,0
2024-05-02 01:50:00,33.81,68.87,0
2024-05-02 01:51:00,25.26,35.0,0
2024-05-02 01:52:00,13.64,94.42,0
2024-05-02 01:53:00,16.03,51.43,0
2024-05-02 01:54:00,14.17,56.56,0
2024-05-02 01:55:00,33.71,82.51,0
2024-05-02 01:56:00,10.79,77.34,0
2024-05-02 01:57:00,26.62,28.62,0
2024-05-02 01:58:00,21.07,53.16,1
2024-05-02 01:59:00,34.11,94.13,0
2024-05-02 02:00:00,26.55,87.0,1
2024-05-02 02:01:00,28.36,67.1,1
2024-05-02 02:02:00,12.59,81.77,0
2024-05-02 02:03:00,19.28,56.04,0
2024-05-02 02:04:00,39.99,72.68,0
2024-05-02 02:05:00,31.57,96.5,0
2024-05-02 02:06:00,25.77,30.77,0
2024-05-02 02:07:00,33.07,59.91,0
2024-05-02 02:08:00,34.7,62.43,0
2024-05-02 02:09:00,12.21,23.89,0
2024-05-02 02:10:00,39.17,94.82,0
2024-05-02 02:11:00,29.27,87.11,1
2024-05-02 02:12:00,23.5,58.63,1
2024-05-02 02:13:00,30.4,60.67,0
2024-05-02 02:14:00,20.34,93.69,1
2024-05-02 02:15:00,36.34,34.18,0
2024-05-02 02:16:00,33.41,66.28,0
2024-05-02 02:17:00,29.19,78.44,1
2024-05-02 02:18:00,15.46,30.27,0
2024-05-02 02:19:00,38.99,50.99,0
2024-05-02 02:20:00,22.98,68.04,1
2024-05-02 02:21:00,37.32,90.62,0
2024-05-02 02:22:00,11.66,60.33,0
2024-05-02 02:23:00,13.72,50.77,0
2024-05-02 02:24:00,14.59,98.36,0
2024-05-02 02:25:00,14.94,93.27,0
2024-05-02 02:26:00,19.68,80.99,0
2024-05-02 02:27:00,31.28,41.89,0
2024-05-02 02:28:00,20.38,97.09,1
2024-05-02 02:29:00,38.23,97.64,0
2024-05-02 02:30:00,36.85,56.23,0
2024-05-02 02:31:00,35.38,30.67,0
2024-05-02 02:32:00,17.52,53.02,0
2024-05-02 02:33:00,29.05,76.0,1
2024-05-02 02:34:00,26.53,79.87,1
2024-05-02 02:35:00,13.76,43.91,0
2024-05-02 02:36:00,19.08,76.12,0
2024-05-02 02:37:00,26.0,88.86,1
2024-05-02 02:38:00,25.08,76.95,1
2024-05-02 02:39:00,15.06,94.84,0
2024-05-02 02:40:00,38.25,70.61,0
2024-05-02 02:41:00,14.63,36.07,0
2024-05-02 02:42:00,29.76,69.93,1
2024-05-02 02:43:00,31.62,43.25,0
2024-05-02 02:44:00,28.15,47.62,0
2024-05-02 02:45:00,35.28,73.79,0
2024-05-02 02:46:00,26.91,98.51,1
2024-05-02 02:47:00,34.76,72.01,0
2024-05-02 02:48:00,10.85,96.67,0
2024-05-02 02:49:00,11.36,60.31,0
2024-05-02 02:50:00,29.24,75.54,1
2024-05-02 02:51:00,27.3,45.79,0
2024-05-02 02:52:00,29.53,29.23,0
2024-05-02 02:53:00,33.01,48.18,0
2024-05-02 02:54:00,22.5,58.43,1
2024-05-02 02:55:00,29.17,65.65,1
2024-05-02 02:56:00,24.94,73.37,1
2024-05-02 02:57:00,28.81,53.4,1
2024-05-02 02:58:00,18.69,79.83,0
2024-05-02 02:59:00,38.7,87.31,0
2024-05-02 03:00:00,24.49,42.87,0
2024-05-02 03:01:00,34.14,87.78,0
2024-05-02 03:02:00,30.55,84.66,0
2024-05-02 03:03:00,18.92,61.82,0
2024-05-02 03:04:00,12.19,22.02,0
2024-05-02 03:05:00,11.8,31.63,0
2024-05-02 03:06:00,23.19,73.62,1
2024-05-02 03:07:00,24.53,35.99,0
2024-05-02 03:08:00,16.12,80.01,0
2024-05-02 03:09:00,28.2,32.87,0
2024-05-02 03:10:00,19.38,42.93,0
2024-05-02 03:11:00,31.55,40.04,0
2024-05-02 03:12:00,32.03,87.15,0
2024-05-02 03:13:00,35.82,75.25,0
2024-05-02 03:14:00,39.26,43.61,0
2024-05-02 03:15:00,13.92,80.29,0
2024-05-02 03:16:00,21.12,22.58,0
2024-05-02 03:17:00,26.85,85.12,1
2024-05-02 03:18:00,19.57,28.2,0
2024-05-02 03:19:00,23.99,89.44,1
2024-05-02 03:20:00,18.02,79.16,0
2024-05-02 03:21:00,17.44,89.19,0
2024-05-02 03:22:00,12.9,79.39,0
2024-05-02 03:23:00,18.71,64.9,0
2024-05-02 03:24:00,21.52,39.01,0
2024-05-02 03:25:00,28.46,82.74,1
2024-05-02 03:26:00,17.45,83.91,0
2024-05-02 03:27:00,35.96,43.01,0
2024-05-02 03:28:00,14.79,73.16,0
2024-05-02 03:29:00,19.82,94.12,0
2024-05-02 03:30:00,27.33,51.0,1
2024-05-02 03:31:00,19.38,96.54,0
2024-05-02 03:32:00,32.89,98.07,0
2024-05-02 03:33:00,24.95,45.01,0
2024-05-02 03:34:00,25.44,64.17,1
2024-05-02 03:35:00,24.96,21.04,0
2024-05-02 03:36:00,19.26,40.11,0
2024-05-02 03:37:00,10.7,69.64,0
2024-05-02 03:38:00,38.36,82.47,0
2024-05-02 03:39:00,25.16,89.61,1
2024-05-02 03:40:00,39.0,86.4,0
2024-05-02 03:41:00,16.45,92.92,0
2024-05-02 03:42:00,20.59,76.37,1
2024-05-02 03:43:00,11.52,71.81,0
2024-05-02 03:44:00,24.85,80.41,1
2024-05-02 03:45:00,36.47,63.73,0
2024-05-02 03:46:00,29.63,68.27,1
2024-05-02 03:47:00,24.12,82.09,1
2024-05-02 03:48:00,26.1,97.14,1
2024-05-02 03:49:00,35.42,43.53,0
2024-05-02 03:50:00,22.93,34.19,0
2024-05-02 03:51:00,36.47,74.61,0
2024-05-02 03:52:00,31.83,34.96,0
2024-05-02 03:53:00,32.92,33.9,0
2024-05-02 03:54:00,20.98,61.11,1
2024-05-02 03:55:00,22.02,50.18,1
2024-05-02 03:56:00,27.11,54.28,1
2024-05-02 03:57:00,15.84,64.53,0
2024-05-02 03:58:00,26.6,30.41,0
2024-05-02 03:59:00,12.21,66.72,0
2024-05-02 04:00:00,25.13,40.4,0
2024-05-02 04:01:00,32.93,46.45,0
2024-05-02 04:02:00,18.39,76.78,0
2024-05-02 04:03:00,39.67,32.38,0
2024-05-02 04:04:00,30.41,32.3,0
2024-05-02 04:05:00,13.56,45.81,0
2024-05-02 04:06:00,39.25,24.07,0
2024-05-02 04:07:00,21.82,94.59,1
2024-05-02 04:08:00,33.85,69.25,0
2024-05-02 04:09:00,20.17,72.95,1
2024-05-02 04:10:00,38.17,59.24,0
2024-05-02 04:11:00,32.65,65.81,0
2024-05-02 04:12:00,15.97,48.65,0
2024-05-02 04:13:00,25.27,82.72,1
2024-05-02 04:14:00,25.0,45.43,0
2024-05-02 04:15:00,11.36,37.6,0
2024-05-02 04:16:00,14.11,34.71,0
2024-05-02 04:17:00,19.99,25.45,0
2024-05-02 04:18:00,24.21,60.41,1
2024-05-02 04:19:00,23.71,53.27,1
2024-05-02 04:20:00,28.19,62.96,1
2024-05-02 04:21:00,25.47,27.36,0
2024-05-02 04:22:00,19.84,37.7,0
2024-05-02 04:23:00,28.39,37.07,0
2024-05-02 04:24:00,14.88,46.55,0
2024-05-02 04:25:00,39.72,48.86,0
2024-05-02 04:26:00,32.18,37.48,0
2024-05-02 04:27:00,18.98,80.21,0
2024-05-02 04:28:00,20.09,62.44,1
2024-05-02 04:29:00,34.85,99.73,0
2024-05-02 04:30:00,25.97,85.9,1
2024-05-02 04:31:00,31.26,98.49,0
2024-05-02 04:32:00,18.99,20.7,0
2024-05-02 04:33:00,34.47,73.52,0
2024-05-02 04:34:00,21.05,55.65,1
2024-05-02 04:35:00,30.21,92.36,0
2024-05-02 04:36:00,39.4,69.1,0
2024-05-02 04:37:00,27.51,69.69,1
2024-05-02 04:38:00,33.9,96.71,0
2024-05-02 04:39:00,31.76,74.6,0
2024-05-02 04:40:00,30.64,45.67,0
2024-05-02 04:41:00,10.8,93.27,0
2024-05-02 04:42:00,24.24,95.6,1
2024-05-02 04:43:00,39.01,50.87,0
2024-05-02 04:44:00,33.49,63.22,0
2024-05-02 04:45:00,33.28,42.63,0
2024-05-02 04:46:00,27.33,92.91,1
2024-05-02 04:47:00,31.64,85.77,0
2024-05-02 04:48:00,27.51,50.0,0
2024-05-02 04:49:00,15.12,84.23,0
2024-05-02 04:50:00,28.87,55.64,1
2024-05-02 04:51:00,28.59,23.51,0
2024-05-02 04:52:00,35.24,91.86,0
2024-05-02 04:53:00,14.43,35.4,0
2024-05-02 04:54:00,30.42,61.11,0
2024-05-02 04:55:00,10.95,95.86,0
2024-05-02 04:56:00,38.45,33.39,0
2024-05-02 04:57:00,13.3,96.5,0
2024-05-02 04:58:00,10.57,63.04,0
2024-05-02 04:59:00,19.41,20.59,0
2024-05-02 05:00:00,14.54,25.24,0
2024-05-02 05:01:00,30.72,73.63,0
2024-05-02 05:02:00,22.31,81.89,1
2024-05-02 05:03:00,33.25,89.2,0
2024-05-02 05:04:00,37.62,53.94,0
2024-05-02 05:05:00,36.18,28.31,0
2024-05-02 05:06:00,32.08,63.02,0
2024-05-02 05:07:00,11.87,76.22,0
2024-05-02 05:08:00,14.14,98.1,0
2024-05-02 05:09:00,16.22,82.02,0
2024-05-02 05:10:00,19.75,71.72,0
2024-05-02 05:11:00,29.87,95.18,1
2024-05-02 05:12:00,25.76,79.75,1
2024-05-02 05:13:00,19.41,32.3,0
2024-05-02 05:14:00,15.2,56.74,0
2024-05-02 05:15:00,37.36,46.54,0
2024-05-02 05:16:00,20.27,27.0,0
2024-05-02 05:17:00,20.63,24.34,0
2024-05-02 05:18:00,33.16,83.54,0
2024-05-02 05:19:00,31.63,64.65,0
2024-05-02 05:20:00,29.3,66.0,1
2024-05-02 05:21:00,30.8,38.21,0
2024-05-02 05:22:00,28.3,40.69,0
2024-05-02 05:23:00,15.77,51.04,0
2024-05-02 05:24:00,17.4,70.42,0
2024-05-02 05:25:00,26.74,54.64,1
2024-05-02 05:26:00,16.75,21.35,0
2024-05-02 05:27:00,39.19,73.86,0
2024-05-02 05:28:00,18.93,62.79,0
2024-05-02 05:29:00,18.67,71.31,0
2024-05-02 05:30:00,16.22,69.47,0
2024-05-02 05:31:00,31.15,80.48,0
2024-05-02 05:32:00,19.51,66.85,0
2024-05-02 05:33:00,20.46,76.07,1
2024-05-02 05:34:00,38.01,25.81,0
2024-05-02 05:35:00,33.86,94.24,0
2024-05-02 05:36:00,18.2,28.49,0
2024-05-02 05:37:00,13.66,82.95,0
2024-05-02 05:38:00,30.3,44.11,0
2024-05-02 05:39:00,21.39,26.92,0
2024-05-02 05:40:00,39.4,81.22,0
2024-05-02 05:41:00,34.55,55.01,0
2024-05-02 05:42:00,38.64,51.61,0
2024-05-02 05:43:00,34.14,72.86,0
2024-05-02 05:44:00,18.71,57.92,0
2024-05-02 05:45:00,18.63,62.68,0
2024-05-02 05:46:00,31.42,30.91,0
2024-05-02 05:47:00,20.39,51.28,1
2024-05-02 05:48:00,23.27,83.8,1
2024-05-02 05:49:00,17.69,63.66,0
2024-05-02 05:50:00,24.37,96.81,1
2024-05-02 05:51:00,16.06,31.53,0
2024-05-02 05:52:00,26.16,74.18,1
2024-05-02 05:53:00,37.99,93.13,0
2024-05-02 05:54:00,30.89,83.6,0
2024-05-02 05:55:00,14.12,78.35,0
2024-05-02 05:56:00,28.47,49.85,0
2024-05-02 05:57:00,27.6,95.96,1
2024-05-02 05:58:00,17.27,64.28,0
2024-05-02 05:59:00,30.1,64.41,0
2024-05-02 06:00:00,25.93,29.86,0
2024-05-02 06:01:00,29.14,20.4,0
2024-05-02 06:02:00,11.57,67.73,0
2024-05-02 06:03:00,22.4,62.97,1
2024-05-02 06:04:00,31.52,95.76,0
2024-05-02 06:05:00,13.02,44.38,0
2024-05-02 06:06:00,33.12,79.86,0
2024-05-02 06:07:00,10.16,92.28,0
2024-05-02 06:08:00,26.51,47.51,0
2024-05-02 06:09:00,37.87,53.01,0
2024-05-02 06:10:00,22.21,71.67,1
2024-05-02 06:11:00,38.05,61.0,0
2024-05-02 06:12:00,36.35,32.88,0
2024-05-02 06:13:00,24.32,37.66,0
2024-05-02 06:14:00,15.98,86.78,0
2024-05-02 06:15:00,38.92,35.55,0
2024-05-02 06:16:00,19.64,34.51,0
2024-05-02 06:17:00,29.38,83.97,1
2024-05-02 06:18:00,37.24,88.18,0
2024-05-02 06:19:00,12.68,88.11,0
2024-05-02 06:20:00,27.22,94.59,1
2024-05-02 06:21:00,26.05,99.55,1
2024-05-02 06:22:00,31.69,56.9,0
2024-05-02 06:23:00,38.1,63.97,0
2024-05-02 06:24:00,37.4,43.25,0
2024-05-02 06:25:00,15.25,25.39,0
2024-05-02 06:26:00,36.47,27.86,0
2024-05-02 06:27:00,15.27,78.05,0
2024-05-02 06:28:00,37.59,58.98,0
2024-05-02 06:29:00,39.92,46.47,0
2024-05-02 06:30:00,21.91,30.26,0
2024-05-02 06:31:00,24.86,72.44,1
2024-05-02 06:32:00,38.1,28.0,0
2024-05-02 06:33:00,38.86,69.56,0
2024-05-02 06:34:00,37.78,92.01,0
2024-05-02 06:35:00,36.3,45.42,0
2024-05-02 06:36:00,10.28,56.05,0
2024-05-02 06:37:00,27.04,69.31,1
2024-05-02 06:38:00,13.22,44.45,0
2024-05-02 06:39:00,39.49,66.73,0
2024-05-02 06:40:00,18.54,65.24,0
2024-05-02 06:41:00,39.67,49.16,0
2024-05-02 06:42:00,26.3,45.31,0
2024-05-02 06:43:00,24.82,54.26,1
2024-05-02 06:44:00,38.16,20.39,0
2024-05-02 06:45:00,35.53,39.69,0
2024-05-02 06:46:00,24.04,37.72,0
2024-05-02 06:47:00,15.78,79.19,0
2024-05-02 06:48:00,13.38,54.89,0
2024-05-02 06:49:00,14.87,87.21,0
2024-05-02 06:50:00,23.77,30.74,0
2024-05-02 06:51:00,17.72,78.64,0
2024-05-02 06:52:00,15.59,90.23,0
2024-05-02 06:53:00,32.1,57.03,0
2024-05-02 06:54:00,33.72,48.7,0
2024-05-02 06:55:00,27.03,44.44,0
2024-05-02 06:56:00,32.72,64.13,0
2024-05-02 06:57:00,15.26,34.06,0
2024-05-02 06:58:00,35.68,68.53,0
2024-05-02 06:59:00,36.91,87.34,0
2024-05-02 07:00:00,34.81,88.7,0
2024-05-02 07:01:00,25.46,31.2,0
2024-05-02 07:02:00,12.6,63.09,0
2024-05-02 07:03:00,30.08,41.06,0
2024-05-02 07:04:00,15.54,90.91,0
2024-05-02 07:05:00,14.22,26.12,0
2024-05-02 07:06:00,19.71,26.03,0
2024-05-02 07:07:00,17.44,21.49,0
2024-05-02 07:08:00,17.82,60.57,0
2024-05-02 07:09:00,17.07,22.5,0
2024-05-02 07:10:00,32.61,66.55,0
2024-05-02 07:11:00,38.62,52.41,0
2024-05-02 07:12:00,19.06,67.2,0
2024-05-02 07:13:00,31.69,92.5,0
2024-05-02 07:14:00,10.34,64.13,0
2024-05-02 07:15:00,29.61,63.48,1
2024-05-02 07:16:00,30.78,99.9,0
2024-05-02 07:17:00,11.86,57.77,0
2024-05-02 07:18:00,13.55,82.02,0
2024-05-02 07:19:00,19.2,49.27,0
2024-05-02 07:20:00,22.16,37.86,0
2024-05-02 07:21:00,25.08,81.77,1
2024-05-02 07:22:00,36.85,78.66,0
2024-05-02 07:23:00,31.11,43.28,0
2024-05-02 07:24:00,19.33,57.18,0
2024-05-02 07:25:00,13.52,60.83,0
2024-05-02 07:26:00,37.48,51.74,0
2024-05-02 07:27:00,18.85,60.17,0
2024-05-02 07:28:00,28.44,73.01,1
2024-05-02 07:29:00,16.57,87.84,0
2024-05-02 07:30:00,14.01,84.52,0
2024-05-02 07:31:00,14.6,69.12,0
2024-05-02 07:32:00,32.43,33.27,0
2024-05-02 07:33:00,28.17,61.13,1
2024-05-02 07:34:00,22.48,55.7,1
2024-05-02 07:35:00,26.48,34.33,0
2024-05-02 07:36:00,24.12,95.9,1
2024-05-02 07:37:00,26.13,72.75,1
2024-05-02 07:38:00,29.92,97.42,1
2024-05-02 07:39:00,16.55,78.87,0
2024-05-02 07:40:00,17.42,58.68,0
2024-05-02 07:41:00,32.64,48.7,0
2024-05-02 07:42:00,36.19,37.51,0
2024-05-02 07:43:00,12.46,59.01,0
2024-05-02 07:44:00,23.4,25.03,0
2024-05-02 07:45:00,31.11,49.55,0
2024-05-02 07:46:00,12.34,23.42,0
2024-05-02 07:47:00,26.93,36.54,0
2024-05-02 07:48:00,11.85,92.62,0
2024-05-02 07:49:00,26.43,48.9,0
2024-05-02 07:50:00,25.16,57.57,1
2024-05-02 07:51:00,27.18,56.37,1
2024-05-02 07:52:00,14.5,23.71,0
2024-05-02 07:53:00,19.84,98.45,0
2024-05-02 07:54:00,25.61,45.93,0
2024-05-02 07:55:00,13.49,76.3,0
2024-05-02 07:56:00,16.16,61.71,0
2024-05-02 07:57:00,27.49,86.37,1
2024-05-02 07:58:00,12.73,86.79,0
2024-05-02 07:59:00,25.31,41.07,0
2024-05-02 08:00:00,34.26,63.55,0
2024-05-02 08:01:00,23.6,33.91,0
2024-05-02 08:02:00,25.4,72.29,1
2024-05-02 08:03:00,23.7,49.22,0
2024-05-02 08:04:00,11.73,72.27,0
2024-05-02 08:05:00,23.87,86.84,1
2024-05-02 08:06:00,34.21,61.33,0
2024-05-02 08:07:00,31.7,50.11,0
2024-05-02 08:08:00,21.88,92.58,1
2024-05-02 08:09:00,34.49,61.31,0
2024-05-02 08:10:00,32.37,48.23,0
2024-05-02 08:11:00,27.35,89.42,1
2024-05-02 08:12:00,11.36,58.95,0
2024-05-02 08:13:00,20.34,58.57,1
2024-05-02 08:14:00,11.91,68.34,0
2024-05-02 08:15:00,39.82,60.15,0
2024-05-02 08:16:00,38.04,31.12,0
2024-05-02 08:17:00,12.07,33.25,0
2024-05-02 08:18:00,38.01,26.17,0
2024-05-02 08:19:00,10.95,71.48,0
2024-05-02 08:20:00,22.27,36.92,0
2024-05-02 08:21:00,33.07,34.95,0
2024-05-02 08:22:00,32.97,48.98,0
2024-05-02 08:23:00,39.35,77.38,0
2024-05-02 08:24:00,29.38,29.47,0
2024-05-02 08:25:00,22.61,38.43,0
2024-05-02 08:26:00,39.79,84.89,0
2024-05-02 08:27:00,21.47,77.62,1
2024-05-02 08:28:00,36.09,58.52,0
2024-05-02 08:29:00,37.2,58.31,0
2024-05-02 08:30:00,21.27,36.86,0
2024-05-02 08:31:00,30.48,32.9,0
2024-05-02 08:32:00,29.85,86.67,1
2024-05-02 08:33:00,26.18,21.8,0
2024-05-02 08:34:00,29.61,23.45,0
2024-05-02 08:35:00,20.43,65.88,1
2024-05-02 08:36:00,15.35,32.89,0
2024-05-02 08:37:00,26.12,70.36,1
2024-05-02 08:38:00,25.87,23.14,0
2024-05-02 08:39:00,31.84,65.78,0
2024-05-02 08:40:00,16.68,24.47,0
2024-05-02 08:41:00,10.1,40.66,0
2024-05-02 08:42:00,10.68,34.4,0
2024-05-02 08:43:00,18.95,96.66,0
2024-05-02 08:44:00,30.2,67.95,0
2024-05-02 08:45:00,26.33,65.09,1
2024-05-02 08:46:00,25.96,21.49,0
2024-05-02 08:47:00,34.7,77.56,0
2024-05-02 08:48:00,17.43,72.94,0
2024-05-02 08:49:00,20.38,42.68,0
2024-05-02 08:50:00,18.27,26.86,0
2024-05-02 08:51:00,38.12,55.94,0
2024-05-02 08:52:00,31.75,99.42,0
2024-05-02 08:53:00,13.39,89.38,0
2024-05-02 08:54:00,34.28,33.65,0
2024-05-02 08:55:00,22.58,86.43,1
2024-05-02 08:56:00,32.98,68.07,0
2024-05-02 08:57:00,36.51,83.57,0
2024-05-02 08:58:00,10.47,85.64,0
2024-05-02 08:59:00,16.18,34.55,0
2024-05-02 09:00:00,13.03,72.77,0
2024-05-02 09:01:00,11.01,41.16,0
2024-05-02 09:02:00,27.93,77.93,1
2024-05-02 09:03:00,31.1,47.41,0
2024-05-02 09:04:00,11.46,56.28,0
2024-05-02 09:05:00,32.22,67.25,0
2024-05-02 09:06:00,22.07,38.39,0
2024-05-02 09:07:00,17.03,50.84,0
2024-05-02 09:08:00,16.52,28.69,0
2024-05-02 09:09:00,35.91,36.19,0
2024-05-02 09:10:00,11.69,88.77,0
2024-05-02 09:11:00,25.12,60.35,1
2024-05-02 09:12:00,18.68,53.58,0
2024-05-02 09:13:00,34.47,31.96,0
2024-05-02 09:14:00,31.95,27.7,0
2024-05-02 09:15:00,19.57,58.07,0
2024-05-02 09:16:00,27.94,69.18,1
2024-05-02 09:17:00,30.18,23.12,0
2024-05-02 09:18:00,19.62,82.71,0
2024-05-02 09:19:00,19.05,60.27,0
